0 20.000000 1.000000 20.000000 0.000000
360 20.000000 0.300000 20.000000 0.000000
374 20.000000 0.300000 20.000000 0.000000
376 20.000000 0.300000 20.000000 0.000000
391 20.000000 0.300000 20.000000 0.000000
394 20.000000 0.300000 20.000000 0.000000
419 20.000000 0.300000 20.000000 0.000000
434 20.000000 0.300000 20.000000 0.000000
453 20.000000 0.300000 20.000000 0.000000
454 20.000000 0.300000 20.000000 0.000000
465 20.000000 0.300000 20.000000 0.000000
478 20.000000 0.300000 20.000000 0.000000
494 20.000000 0.300000 20.000000 0.000000
511 20.000000 0.300000 20.000000 0.000000
543 20.000000 0.300000 20.000000 0.000000
559 20.000000 0.300000 20.000000 0.000000
561 20.000000 0.300000 20.000000 0.000000
578 20.000000 0.300000 20.000000 0.000000
594 20.000000 0.300000 20.000000 0.000000
611 20.000000 0.300000 20.000000 0.000000
627 20.000000 0.300000 20.000000 0.000000
644 20.000000 0.300000 20.000000 0.000000
661 20.000000 0.300000 20.000000 0.000000
678 20.000000 0.300000 20.000000 0.000000
694 20.000000 0.300000 20.000000 0.000000
711 20.000000 0.300000 20.000000 0.000000
728 20.000000 0.300000 20.000000 0.000000
744 20.000000 0.300000 20.000000 0.000000
762 20.000000 0.300000 20.000000 0.000000
778 20.000000 0.300000 20.000000 0.000000
794 20.000000 0.300000 20.000000 0.000000
811 20.000000 0.300000 20.000000 0.000000
828 20.000000 0.300000 20.000000 0.000000
845 20.000000 0.300000 20.000000 0.000000
861 20.000000 0.300000 20.000000 0.000000
878 20.000000 0.300000 20.000000 0.000000
894 20.000000 0.300000 20.000000 0.000000
911 20.000000 0.300000 20.000000 0.000000
928 20.000000 0.300000 20.000000 0.000000
944 20.000000 0.300000 20.000000 0.000000
961 20.000000 0.300000 20.000000 0.000000
978 20.000000 0.300000 20.000000 0.000000
994 20.000000 0.300000 20.000000 0.000000
1011 20.000000 0.300000 20.000000 0.000000
1028 20.000000 0.300000 20.000000 0.000000
1044 20.000000 0.300000 20.000000 0.000000
1061 20.000000 0.300000 20.000000 0.000000
1078 20.000000 0.300000 20.000000 0.000000
1094 20.000000 0.300000 20.000000 0.000000
1111 20.000000 0.300000 20.000000 0.000000
1128 20.000000 0.300000 20.000000 0.000000
1144 20.000000 0.300000 20.000000 0.000000
1161 20.000000 0.300000 20.000000 0.000000
1178 20.000000 0.300000 20.000000 0.000000
1194 20.000000 0.300000 20.000000 0.000000
1211 20.000000 0.300000 20.000000 0.000000
1227 20.000000 0.300000 20.000000 0.000000
1245 20.000000 0.300000 20.000000 0.000000
1261 20.000000 0.300000 20.000000 0.000000
1278 20.000000 0.300000 20.000000 0.000000
1294 20.000000 0.300000 20.000000 0.000000
1311 20.000000 0.300000 20.000000 0.000000
1327 20.000000 0.300000 20.000000 0.000000
1345 20.000000 0.300000 20.000000 0.000000
1361 20.000000 0.300000 20.000000 0.000000
1378 20.000000 0.300000 20.000000 0.000000
1394 20.000000 0.300000 20.000000 0.000000
1411 20.000000 0.300000 20.000000 0.000000
1427 20.000000 0.300000 20.000000 0.000000
1445 20.000000 0.300000 20.000000 0.172419
1461 20.000000 0.300000 20.000000 0.508739
1478 20.000298 0.300000 20.016840 1.013479
1494 20.001270 0.300000 20.049984 1.681383
1511 20.003456 0.300000 20.099848 2.516814
1528 20.007381 0.300000 20.166693 3.369267
1544 20.013256 0.300000 20.247269 4.177172
1561 20.020504 0.300000 20.330105 5.008688
1578 20.029390 0.300000 20.416542 5.877615
1594 20.038839 0.300000 20.497215 6.689864
1612 20.050114 0.300000 20.582390 7.549029
1628 20.061960 0.300000 20.663008 8.363867
1647 20.077446 0.300000 20.757368 9.320102
1662 20.091082 0.300000 20.833996 10.098415
1678 20.105387 0.300000 20.908636 10.858398
1694 20.122004 0.300000 20.989092 11.679932
1711 20.139965 0.300000 21.070112 12.509812
1728 20.159954 0.300000 21.154215 13.374275
1744 20.179958 0.300000 21.233332 14.190340
1761 20.201145 0.300000 21.312403 15.008944
1778 20.225225 0.300000 21.397047 15.888978
1795 20.249918 0.300000 21.479141 16.746252
1811 20.272936 0.300000 21.552099 17.511278
1829 20.301245 0.300000 21.637199 18.408127
1844 20.327013 0.300000 21.711239 19.192080
1861 20.356142 0.300000 21.791100 20.042149
1878 20.385197 0.300000 21.867388 20.858486
1895 20.417135 0.300000 21.947563 21.721519
1911 20.448330 0.300000 22.022760 22.535625
1928 20.480942 0.300000 22.098303 23.358437
1945 20.515442 0.300000 22.175070 24.200071
1961 20.550322 0.300000 22.249802 25.024773
1980 20.591225 0.300000 22.333853 25.959526
1994 20.624245 0.300000 22.399166 26.821093
2011 20.663933 0.300000 22.475113 27.596968
2027 20.701683 0.300000 22.545254 28.293190
2045 20.742994 0.300000 22.620090 28.903929
2061 20.783382 0.300000 22.691681 29.432470
2079 20.827478 0.300000 22.768461 29.872471
2095 20.867439 0.300000 22.837040 30.233099
2111 20.909317 0.300000 22.908106 30.511240
2128 20.952728 0.300000 22.981220 30.704351
2144 20.994570 0.300000 23.051382 30.815773
2161 21.037621 0.300000 23.123486 30.843216
2178 21.080030 0.300000 23.194515 30.843216
2195 21.123539 0.300000 23.267385 30.843216
2211 21.164722 0.300000 23.336363 30.843216
2227 21.207392 0.300000 23.407829 30.843216
2244 21.250057 0.300000 23.479771 30.675932
2261 21.292553 0.300000 23.552376 30.340391
2278 21.334526 0.300000 23.625576 29.836092
2294 21.374823 0.300000 23.697798 29.166386
2311 21.414991 0.300000 23.772337 28.327330
2328 21.452726 0.300000 23.844795 27.510380
2344 21.490250 0.300000 23.919498 26.674400
2361 21.527000 0.300000 23.995419 25.830925
2378 21.561798 0.300000 24.070042 25.007551
2394 21.595669 0.300000 24.145477 24.180635
2411 21.628408 0.300000 24.221317 23.354588
2427 21.660337 0.300000 24.298325 22.520943
2445 21.693119 0.300000 24.380995 21.631624
2461 21.721752 0.300000 24.456293 20.826036
2478 21.749411 0.300000 24.532242 20.017757
2495 21.777334 0.300000 24.612606 19.166990
2511 21.803322 0.300000 24.691004 18.341063
2528 21.828775 0.300000 24.771780 17.494146
2545 21.852554 0.300000 24.851242 16.664709
2561 21.875294 0.300000 24.931440 15.831115
2577 21.895933 0.300000 25.008308 15.035203
2595 21.917225 0.300000 25.092701 14.164828
2611 21.936310 0.300000 25.173244 13.337094
2628 21.954428 0.300000 25.255039 12.499326
2644 21.971134 0.300000 25.335928 11.673363
2661 21.987053 0.300000 25.419218 10.825390
2678 22.001266 0.300000 25.499826 10.006872
2695 22.014713 0.300000 25.583214 9.162222
2711 22.026474 0.300000 25.663336 8.352427
2728 22.037605 0.300000 25.748007 7.498423
2745 22.047377 0.300000 25.830935 6.727921
2761 22.056049 0.300000 25.913046 6.039985
2778 22.063910 0.300000 25.995737 5.435115
2795 22.071154 0.300000 26.080069 4.914886
2811 22.077539 0.300000 26.161745 4.476583
2828 22.083639 0.300000 26.246414 4.123167
2844 22.089165 0.300000 26.328516 3.852039
2861 22.094572 0.300000 26.413046 3.665613
2878 22.099562 0.300000 26.493488 3.559784
2895 22.104797 0.300000 26.578358 3.538985
2911 22.109884 0.300000 26.660807 3.538985
2928 22.115061 0.300000 26.744728 3.538985
2945 22.120192 0.300000 26.827913 3.538985
2961 22.125317 0.300000 26.910990 3.538985
2978 22.130457 0.300000 26.994329 3.538985
2995 22.135584 0.300000 27.077442 3.538985
3011 22.140720 0.300000 27.160719 3.538985
3028 22.145802 0.300000 27.243090 3.538985
3044 22.150963 0.300000 27.326765 3.538985
3061 22.156021 0.300000 27.408764 3.538985
3077 22.161114 0.300000 27.491333 3.538985
3095 22.166367 0.300000 27.576487 3.538985
3111 22.171513 0.300000 27.659916 3.538985
3128 22.176548 0.300000 27.741550 3.538985
3145 22.181780 0.300000 27.826361 3.538985
3161 22.186762 0.300000 27.907124 3.538985
3178 22.192017 0.300000 27.992317 3.538985
3195 22.197161 0.300000 28.075706 3.538985
3211 22.202311 0.300000 28.159195 3.538985
3228 22.207375 0.300000 28.241280 3.538985
3245 22.212559 0.300000 28.325333 3.538985
3261 22.217731 0.300000 28.409172 3.538985
3278 22.222782 0.300000 28.491060 3.538985
3295 22.227938 0.300000 28.574623 3.538985
3311 22.232943 0.300000 28.655741 3.538985
3328 22.238243 0.300000 28.741659 3.538985
3344 22.243292 0.300000 28.823503 3.538985
3361 22.248465 0.300000 28.907347 3.538985
3378 22.253590 0.300000 28.990437 3.538985
3395 22.258795 0.300000 29.074802 3.538985
3411 22.263765 0.300000 29.155378 3.538985
3428 22.268948 0.300000 29.239393 3.538985
3445 22.274120 0.300000 29.323256 3.538985
3461 22.279272 0.300000 29.406767 3.538985
3478 22.284369 0.300000 29.489389 3.538985
3494 22.289305 0.300000 29.569408 3.538985
3511 22.294518 0.300000 29.653906 3.538985
3528 22.299809 0.300000 29.739687 3.538985
3545 22.304892 0.300000 29.822098 3.538985
3561 22.310020 0.300000 29.905254 3.538985
3578 22.315123 0.300000 29.987965 3.538985
3595 22.320307 0.300000 30.072014 3.538985
3611 22.325397 0.300000 30.154530 3.538985
3628 22.330475 0.300000 30.236849 3.538985
3645 22.335695 0.300000 30.321468 3.538985
3661 22.340738 0.300000 30.403225 3.538985
3678 22.345976 0.300000 30.488138 3.538985
3694 22.351042 0.300000 30.570269 3.538985
3711 22.356453 0.300000 30.653936 3.706668
3728 22.362358 0.300000 30.737543 4.041980
3745 22.368996 0.300000 30.821125 4.544981
3761 22.376373 0.300000 30.902037 5.210477
3778 22.385223 0.300000 30.985670 6.044174
3795 22.395382 0.300000 31.069738 6.890972
3811 22.406403 0.300000 31.151136 7.712386
3828 22.418825 0.300000 31.233862 8.548910
3844 22.432297 0.300000 31.315506 9.376389
3861 22.447342 0.300000 31.398954 10.224327
3878 22.463041 0.300000 31.479424 11.044190
3895 22.480513 0.300000 31.562401 11.892163
3911 22.498245 0.300000 31.641148 12.699352
3928 22.517836 0.300000 31.722561 13.536729
3945 22.539093 0.300000 31.805416 14.392112
3961 22.560133 0.300000 31.882910 15.195110
3978 22.583782 0.300000 31.965115 16.050493
3995 22.608004 0.300000 32.044941 16.884684
4011 22.633591 0.300000 32.125023 17.725382
4027 22.658710 0.300000 32.200058 18.516659
4044 22.686857 0.300000 32.280792 19.222435
4061 22.715826 0.300000 32.361080 19.842857
4078 22.744690 0.300000 32.438774 20.380398
4094 22.773993 0.300000 32.515789 20.835535
4111 22.804102 0.300000 32.593414 21.207413
4128 22.835239 0.300000 32.672501 21.494295
4145 22.865686 0.300000 32.749050 21.698795
4161 22.896984 0.300000 32.827259 21.819057
4178 22.926889 0.300000 32.901836 21.858969
4195 22.959110 0.300000 32.982193 21.858969
4211 22.989672 0.300000 33.058407 21.858969
4228 23.020695 0.300000 33.135777 21.858969
4244 23.051455 0.300000 33.212490 21.858969
4261 23.082228 0.300000 33.289238 21.858969
4279 23.115610 0.300000 33.372490 21.858969
4295 23.145563 0.300000 33.447186 21.858969
4311 23.175819 0.300000 33.522640 21.858969
4328 23.207111 0.300000 33.600677 21.858969
4345 23.238033 0.300000 33.677795 21.858969
4361 23.268881 0.300000 33.754726 21.858969
4378 23.299068 0.300000 33.830009 21.858969
4395 23.331160 0.300000 33.910042 21.858969
4411 23.361977 0.300000 33.986897 21.858969
4428 23.392416 0.300000 34.062809 21.858969
4445 23.423899 0.300000 34.141323 21.858969
4461 23.454445 0.300000 34.217503 21.858969
4478 23.486198 0.300000 34.296692 21.858969
4494 23.516710 0.300000 34.372784 21.858969
4511 23.547993 0.300000 34.450798 21.858969
4528 23.579014 0.300000 34.528160 21.858969
4545 23.610395 0.300000 34.606419 21.858969
4561 23.640402 0.300000 34.681248 21.858969
4578 23.671860 0.300000 34.759697 21.858969
4595 23.703369 0.300000 34.838276 21.858969
4611 23.733459 0.300000 34.913319 21.858969
4628 23.765125 0.300000 34.992287 21.858969
4644 23.795868 0.300000 35.068954 21.858969
4661 23.827343 0.300000 35.147449 21.858969
4679 23.860905 0.300000 35.231148 21.858969
4695 23.889198 0.300000 35.301708 21.858969
4711 23.919392 0.300000 35.377007 21.858969
4728 23.951496 0.300000 35.457069 21.858969
4744 23.981869 0.300000 35.532814 21.858969
4761 24.012556 0.300000 35.609341 21.858969
4777 24.043062 0.300000 35.685417 21.858969
4794 24.073963 0.300000 35.762482 21.858969
4811 24.106287 0.300000 35.843094 21.858969
4828 24.136805 0.300000 35.919197 21.858969
4844 24.167585 0.300000 35.995960 21.858969
4862 24.199915 0.300000 36.076584 21.858969
4878 24.230795 0.300000 36.153591 21.858969
4894 24.261299 0.300000 36.229015 22.021688
4911 24.293234 0.300000 36.306686 22.352369
4929 24.326710 0.300000 36.386127 22.855467
4944 24.358131 0.300000 36.458359 23.516104
4961 24.392355 0.300000 36.534904 24.092892
4978 24.427250 0.300000 36.611191 24.585793
4994 24.462360 0.300000 36.686520 24.995584
5012 24.499136 0.300000 36.764286 25.319355
5027 24.533247 0.300000 36.835609 25.564064
5044 24.570061 0.300000 36.912037 25.723942
5061 24.606014 0.300000 36.986408 25.801212
5078 24.643040 0.300000 37.063000 25.801212
5094 24.678524 0.300000 37.136402 25.801212
5111 24.715214 0.300000 37.212299 25.801212
5128 24.751049 0.300000 37.286427 25.801212
5144 24.787264 0.300000 37.361340 25.801212
5161 24.823202 0.300000 37.435684 25.801212
5178 24.860876 0.300000 37.513618 25.801212
5194 24.896132 0.300000 37.586548 25.801212
5211 24.932304 0.300000 37.661373 25.801212
5227 24.968126 0.300000 37.735474 25.801212
5244 25.004597 0.300000 37.810917 25.801212
5261 25.041756 0.300000 37.887783 25.801212
5278 25.077873 0.300000 37.962494 25.801212
5294 25.113150 0.300000 38.035465 25.801212
5311 25.150375 0.300000 38.112469 25.801212
5328 25.186617 0.300000 38.187439 25.801212
5345 25.223501 0.300000 38.263741 25.801212
5361 25.258829 0.300000 38.336819 25.801212
5378 25.295856 0.300000 38.413414 25.801212
5395 25.332094 0.300000 38.488377 25.801212
5412 25.369333 0.300000 38.565407 25.801212
5428 25.405540 0.300000 38.640305 25.801212
5445 25.440968 0.300000 38.713589 25.801212
5462 25.477676 0.300000 38.789524 25.801212
5478 25.513130 0.300000 38.862865 25.801212
5495 25.549650 0.300000 38.938412 25.801212
5511 25.586128 0.300000 39.013866 25.801212
5528 25.621344 0.300000 39.086716 25.801212
5546 25.662481 0.300000 39.171814 25.801212
5562 25.695337 0.300000 39.239777 25.801212
5578 25.730551 0.300000 39.312618 25.801212
5594 25.766768 0.300000 39.387535 25.801212
5611 25.802931 0.300000 39.462345 25.801212
5628 25.840380 0.300000 39.539810 25.801212
5645 25.876204 0.300000 39.613918 25.801212
5661 25.912704 0.300000 39.689426 25.801212
5678 25.948792 0.300000 39.764076 25.801212
5695 25.985535 0.300000 39.840080 25.801212
5712 26.023495 0.300000 39.918015 25.974585
5728 26.058569 0.300000 39.988983 26.306282
5745 26.095919 0.300000 40.062923 26.803659
5761 26.133961 0.300000 40.136124 27.466028
5778 26.174091 0.300000 40.210686 28.297749
5795 26.214384 0.300000 40.283016 29.125721
5811 26.256481 0.300000 40.356049 29.968668
5830 26.304882 0.300000 40.436890 30.910900
5845 26.342224 0.300000 40.497540 31.623148
5865 26.391439 0.300000 40.574703 32.538353
5878 26.427736 0.300000 40.630173 33.201248
5895 26.474102 0.300000 40.698860 34.029976
5913 26.525917 0.300000 40.773052 34.934933
5928 26.570210 0.300000 40.834713 35.694149
5945 26.620735 0.300000 40.902893 36.542770
5961 26.669369 0.300000 40.966640 37.344578
5981 26.731611 0.300000 41.045341 38.347958
5995 26.774315 0.300000 41.098038 39.026237
6011 26.827652 0.300000 41.161942 39.858624
6028 26.880667 0.300000 41.223640 40.672100
6047 26.944834 0.300000 41.295837 41.638012
6062 26.995314 0.300000 41.351158 42.386921
6078 27.050255 0.300000 41.409706 43.189800
6095 27.108410 0.300000 41.469887 44.026665
6111 27.165852 0.300000 41.527649 44.841282
6128 27.227617 0.300000 41.588219 45.569389
6145 27.286324 0.300000 41.644497 46.216175
6161 27.347567 0.300000 41.702068 46.778908
6178 27.408302 0.300000 41.758213 47.258926
6195 27.470896 0.300000 41.815269 47.654251
6211 27.532093 0.300000 41.870449 47.967175
6228 27.595652 0.300000 41.927296 48.194828
6245 27.656710 0.300000 41.981621 48.340752
6261 27.718649 0.300000 42.036613 48.403847
6278 27.781305 0.300000 42.092243 48.403847
6295 27.843071 0.300000 42.147083 48.403847
6311 27.905840 0.300000 42.202812 48.403847
6328 27.968222 0.300000 42.258198 48.403847
6345 28.030966 0.300000 42.313904 48.403847
6363 28.100479 0.300000 42.375622 48.403847
6378 28.153805 0.300000 42.422966 48.403847
6395 28.218117 0.300000 42.480064 48.403847
6411 28.279310 0.300000 42.534393 48.403847
6428 28.342106 0.300000 42.590145 48.403847
6445 28.403975 0.300000 42.645073 48.403847
6462 28.467360 0.300000 42.701347 48.403847
6478 28.528795 0.300000 42.755894 48.403847
6495 28.591667 0.300000 42.811714 48.403847
6511 28.653490 0.300000 42.866604 48.403847
6528 28.716166 0.300000 42.922249 48.403847
6545 28.778347 0.300000 42.977455 48.403847
6561 28.840206 0.300000 43.032375 48.403847
6578 28.903006 0.300000 43.088131 48.403847
6595 28.965376 0.300000 43.143505 48.403847
6611 29.027691 0.300000 43.198830 48.403847
6627 29.087448 0.300000 43.251884 48.403847
6644 29.150707 0.300000 43.308048 48.403847
6662 29.215178 0.300000 43.365288 48.403847
6678 29.275402 0.300000 43.418758 48.403847
6695 29.339262 0.300000 43.475456 48.403847
6711 29.401112 0.300000 43.530369 48.403847
6728 29.464405 0.300000 43.586563 48.403847
6745 29.525610 0.300000 43.640903 48.403847
6761 29.587618 0.300000 43.695957 48.403847
6778 29.650307 0.300000 43.751614 48.403847
6795 29.713779 0.300000 43.807968 48.403847
6811 29.774971 0.300000 43.862297 48.403847
6828 29.837831 0.300000 43.918106 48.403847
6845 29.899672 0.300000 43.973011 48.403847
6862 29.963322 0.300000 44.029522 48.403847
6878 30.024696 0.300000 44.084015 48.403847
6895 30.087519 0.300000 44.139790 48.403847
6911 30.148083 0.300000 44.193562 48.403847
6928 30.210686 0.300000 44.249142 48.403847
6945 30.274609 0.300000 44.305897 48.403847
6961 30.335913 0.300000 44.360325 48.403847
6978 30.398634 0.300000 44.416012 48.403847
6995 30.461060 0.300000 44.471436 48.403847
7012 30.524134 0.300000 44.527435 48.403847
7027 30.583279 0.300000 44.579948 48.403847
7044 30.646431 0.300000 44.636017 48.403847
7062 30.710655 0.300000 44.693039 48.403847
7078 30.772079 0.300000 44.747574 48.403847
7095 30.834492 0.300000 44.802986 48.403847
7111 30.897081 0.300000 44.858555 48.403847
7128 30.960178 0.300000 44.914574 48.403847
7145 31.021954 0.300000 44.969421 48.403847
7161 31.084377 0.300000 45.024845 48.403847
7178 31.145096 0.300000 45.078754 48.403847
7195 31.209461 0.300000 45.135902 48.403847
7211 31.270662 0.300000 45.190239 48.403847
7228 31.333492 0.300000 45.246021 48.403847
7245 31.395363 0.300000 45.300953 48.403847
7261 31.457073 0.300000 45.355743 48.403847
7278 31.521729 0.300000 45.413147 48.403847
7295 31.582911 0.300000 45.467468 48.403847
7311 31.645065 0.300000 45.522652 48.403847
7328 31.707422 0.300000 45.578014 48.403847
7345 31.769804 0.300000 45.633400 48.403847
7361 31.831732 0.300000 45.688381 48.403847
7378 31.894266 0.300000 45.743900 48.403847
7395 31.956789 0.300000 45.799412 48.403847
7412 32.019272 0.300000 45.854889 48.403847
7428 32.081547 0.300000 45.910179 48.403847
7445 32.143284 0.300000 45.964993 48.403847
7462 32.206562 0.300000 46.021175 48.403847
7478 32.267773 0.300000 46.075520 48.403847
7495 32.330685 0.300000 46.131374 48.403847
7511 32.392353 0.300000 46.186127 48.403847
7528 32.455669 0.300000 46.242344 48.403847
7545 32.517536 0.300000 46.297272 48.403847
7561 32.578350 0.300000 46.351265 48.403847
7578 32.642273 0.300000 46.408020 48.403847
7595 32.704834 0.300000 46.463566 48.403847
7611 32.766785 0.300000 46.518570 48.403847
7628 32.828648 0.300000 46.573494 48.403847
7645 32.891495 0.300000 46.629292 48.403847
7662 32.954803 0.300000 46.685501 48.403847
7678 33.016560 0.300000 46.740330 48.403847
7695 33.078022 0.300000 46.794899 48.403847
7711 33.140339 0.300000 46.850224 48.403847
7728 33.203342 0.300000 46.906158 48.403847
7745 33.265083 0.300000 46.960972 48.403847
7761 33.326160 0.300000 47.015198 48.403847
7778 33.389866 0.300000 47.071758 48.403847
7795 33.453030 0.300000 47.127838 48.403847
7812 33.515141 0.300000 47.182983 48.403847
7828 33.576580 0.300000 47.237530 48.403847
7844 33.637966 0.300000 47.292030 48.403847
7861 33.700615 0.300000 47.347652 48.403847
7878 33.764023 0.300000 47.403950 48.403847
7895 33.825893 0.300000 47.458881 48.403847
7911 33.888119 0.300000 47.514126 48.403847
7928 33.952122 0.300000 47.570950 48.403847
7945 34.014324 0.300000 47.626175 48.403847
7961 34.075619 0.300000 47.680592 48.403847
7978 34.137394 0.300000 47.735439 48.403847
7995 34.200836 0.300000 47.791767 48.403847
8011 34.260994 0.300000 47.845177 48.403847
8028 34.324844 0.300000 47.901863 48.403847
8044 34.384678 0.300000 47.954987 48.403847
8061 34.448513 0.300000 48.011662 48.403847
8078 34.510601 0.300000 48.066784 48.403847
8095 34.574345 0.300000 48.123379 48.403847
8111 34.634872 0.300000 48.177120 48.403847
8128 34.699482 0.300000 48.234482 48.403847
8145 34.760647 0.300000 48.288788 48.403847
8162 34.823795 0.300000 48.344852 48.403847
8178 34.884369 0.300000 48.398632 48.403847
8195 34.948647 0.300000 48.455700 48.403847
8211 35.009228 0.300000 48.509487 48.403847
8228 35.071098 0.300000 48.564419 48.403847
8245 35.135078 0.300000 48.621223 48.403847
8262 35.197411 0.300000 48.676563 48.403847
8278 35.259777 0.300000 48.731934 48.403847
8295 35.321999 0.300000 48.787174 48.403847
8312 35.384483 0.300000 48.842651 48.403847
8328 35.445816 0.300000 48.897106 48.403847
8345 35.509308 0.300000 48.953476 48.403847
8361 35.569698 0.300000 49.007092 48.403847
8378 35.633156 0.300000 49.063431 48.403847
8395 35.696114 0.300000 49.119328 48.403847
8411 35.758171 0.300000 49.174427 48.403847
8429 35.824284 0.300000 49.233124 48.403847
8445 35.883022 0.300000 49.285275 48.403847
8461 35.944183 0.300000 49.339577 48.403847
8478 36.007668 0.300000 49.395939 48.403847
8495 36.069332 0.300000 49.450687 48.403847
8512 36.132210 0.300000 49.506512 48.403847
8528 36.193447 0.300000 49.560879 48.403847
8545 36.256317 0.300000 49.616695 48.403847
8562 36.319862 0.300000 49.673115 48.403847
8578 36.379116 0.300000 49.725723 48.403847
8595 36.443848 0.300000 49.783195 48.403847
8612 36.508419 0.300000 49.840523 48.403847
8628 36.568554 0.300000 49.893913 48.403847
8645 36.630699 0.300000 49.949089 48.403847
8661 36.691975 0.300000 50.003494 48.403847
8678 36.755283 0.300000 50.059704 48.403847
8695 36.817505 0.300000 50.114948 48.403847
8712 36.880013 0.300000 50.170444 48.403847
8728 36.941578 0.300000 50.225105 48.403847
8745 37.004429 0.300000 50.280907 48.403847
8761 37.066410 0.300000 50.335938 48.403847
8778 37.129200 0.300000 50.391685 48.403847
8795 37.191605 0.300000 50.447090 48.403847
8812 37.254509 0.300000 50.502937 48.403847
8829 37.320160 0.300000 50.561222 48.403847
8845 37.379082 0.300000 50.613533 48.403847
8861 37.440086 0.300000 50.667694 48.403847
8878 37.503120 0.300000 50.723660 48.403847
8895 37.564945 0.300000 50.778549 48.403847
8911 37.627312 0.300000 50.833920 48.403847
8928 37.690243 0.300000 50.889793 48.403847
8944 37.750999 0.300000 50.943737 48.403847
8962 37.815342 0.300000 51.000862 48.403847
8978 37.877384 0.300000 51.055946 48.403847
8995 37.940308 0.300000 51.111813 48.403847
9012 38.001701 0.300000 51.166321 48.403847
9028 38.064156 0.300000 51.221771 48.403847
9045 38.125835 0.300000 51.276531 48.403847
9062 38.189999 0.300000 51.333496 48.403847
9078 38.249382 0.300000 51.386219 48.403847
9095 38.312828 0.300000 51.442551 48.403847
9112 38.375572 0.300000 51.498257 48.403847
9128 38.438972 0.300000 51.554546 48.403847
9145 38.500706 0.300000 51.609356 48.403847
9161 38.561069 0.300000 51.662949 48.403847
9178 38.624947 0.300000 51.719662 48.403847
9195 38.687374 0.300000 51.775085 48.403847
9212 38.749477 0.300000 51.830223 48.403847
9228 38.811413 0.300000 51.885212 48.403847
9245 38.873657 0.300000 51.940475 48.403847
9262 38.938198 0.300000 51.997776 48.403847
9278 38.997856 0.300000 52.050743 48.403847
9295 39.061306 0.300000 52.107075 48.403847
9311 39.121918 0.300000 52.160889 48.403847
9328 39.186234 0.300000 52.217991 48.403847
9345 39.247593 0.300000 52.272469 48.403847
9362 39.310345 0.300000 52.328182 48.403847
9378 39.372288 0.300000 52.383179 48.403847
9395 39.435787 0.300000 52.439556 48.403847
9412 39.497589 0.300000 52.494427 48.403847
9428 39.558208 0.300000 52.548248 48.403847
9445 39.621895 0.300000 52.604794 48.403847
9461 39.683510 0.300000 52.659191 48.568233
9478 39.747272 0.300000 52.714817 48.901855
9494 39.808784 0.300000 52.767555 49.397530
9511 39.873951 0.300000 52.822121 50.063190
9528 39.939674 0.300000 52.875549 50.898251
9545 40.004608 0.300000 52.926796 51.725456
9561 40.068974 0.300000 52.976131 52.536461
9578 40.136009 0.305195 53.025970 53.371777
9595 40.205975 0.315275 53.076374 54.234077
9612 40.273605 0.324729 53.123642 55.059204
9628 40.343315 0.334168 53.170837 55.901043
9645 40.411900 0.343172 53.215855 56.721436
9662 40.483219 0.352238 53.261185 57.566479
9678 40.553143 0.360868 53.304337 58.329353
9695 40.627411 0.369793 53.348961 59.005585
9712 40.696907 0.377947 53.389732 59.601242
9728 40.767918 0.386111 53.430550 60.114994
9745 40.843491 0.394648 53.473236 60.541950
9762 40.914795 0.402591 53.512955 60.887287
9778 40.985783 0.410412 53.552059 61.151577
9795 41.062099 0.418762 53.593807 61.328880
9812 41.133797 0.426573 53.632866 61.424534
9828 41.206310 0.434471 53.672352 61.437618
9845 41.280041 0.442501 53.712502 61.437618
9861 41.352116 0.450351 53.751751 61.437618
9878 41.426712 0.458476 53.792374 61.437618
9895 41.499733 0.466428 53.832138 61.437618
9912 41.572792 0.474385 53.871922 61.437618
9928 41.646694 0.482433 53.912163 61.437618
9945 41.718723 0.490278 53.951385 61.437618
9962 41.792225 0.498282 53.991409 61.437618
9978 41.863800 0.500000 54.030384 61.437618
9995 41.940075 0.500000 54.071918 61.437618
10012 42.011765 0.500000 54.110954 61.437618
10028 42.085419 0.500000 54.151062 61.437618
10045 42.158154 0.500000 54.190670 61.437618
10061 42.230473 0.500000 54.230049 61.437618
10078 42.304058 0.500000 54.269836 61.604923
10094 42.375511 0.500000 54.307941 61.934181
10112 42.452538 0.500000 54.348160 62.437225
10128 42.524776 0.500000 54.384808 63.102276
10145 42.603264 0.500000 54.423191 63.942066
10161 42.674984 0.500000 54.457047 64.735153
10178 42.752518 0.500000 54.492249 65.586655
10196 42.832611 0.500000 54.527142 66.460281
10212 42.907387 0.500000 54.558468 67.271011
10228 42.982616 0.500000 54.588741 68.081917
10245 43.061550 0.500000 54.619167 68.927879
10262 43.140400 0.500000 54.648365 69.689758
10278 43.215340 0.500000 54.675095 70.372078
10295 43.295959 0.500000 54.702919 70.969109
10312 43.378330 0.500000 54.730526 71.479263
10328 43.454914 0.500000 54.755558 71.908852
10344 43.531708 0.500000 54.780140 72.257813
10361 43.612469 0.500000 54.805573 72.522102
10378 43.692532 0.500000 54.830509 72.702538
10395 43.770649 0.500000 54.854691 72.801193
10411 43.849987 0.500000 54.879234 72.816803
10428 43.931343 0.500000 54.904404 72.816803
10445 44.012218 0.500000 54.929424 72.816803
10461 44.089447 0.500000 54.953316 72.816803
10478 44.171833 0.500000 54.978802 72.816803
10494 44.247459 0.500000 55.002197 72.816803
10511 44.328880 0.500000 55.027386 72.816803
10528 44.408730 0.500000 55.052090 72.816803
10544 44.486710 0.500000 55.076214 72.816803
10562 44.569328 0.500000 55.101772 72.816803
10578 44.645592 0.500000 55.125366 72.816803
10595 44.729103 0.500000 55.151203 72.816803
10611 44.805393 0.500000 55.174805 72.816803
10628 44.887512 0.500000 55.200207 72.816803
10644 44.964588 0.500000 55.224049 72.816803
10661 45.045006 0.500000 55.248928 72.816803
10678 45.123787 0.500000 55.273300 72.816803
10695 45.203766 0.500000 55.298042 72.816803
10711 45.282738 0.500000 55.322475 72.816803
10728 45.363247 0.500000 55.347382 72.816803
10744 45.442047 0.500000 55.371502 72.981621
10761 45.522133 0.500000 55.395515 73.313652
10778 45.602394 0.500000 55.418819 73.812843
10795 45.683479 0.500000 55.441338 74.480339
10812 45.765091 0.500000 55.462734 75.316574
10829 45.851608 0.500000 55.483986 76.207458
10845 45.927223 0.500000 55.501472 76.983559
10863 46.015484 0.500000 55.520428 77.886284
10879 46.092926 0.500000 55.535946 78.676094
10896 46.178329 0.500000 55.551975 79.379013
10912 46.256805 0.500000 55.565811 80.002243
10930 46.343403 0.500000 55.580257 80.537682
10945 46.420727 0.500000 55.592518 80.994835
10962 46.501114 0.500000 55.604717 81.370682
10978 46.582123 0.500000 55.616592 81.664650
10995 46.666435 0.500000 55.628635 81.873451
11016 46.771984 0.500000 55.643524 81.975121
11028 46.830799 0.500000 55.651779 82.017395
11046 46.906788 0.500000 55.662445 82.017395
11062 46.986130 0.500000 55.673580 82.017395
11078 47.068348 0.500000 55.685120 82.017395
11104 47.176563 0.500000 55.700310 82.017395
11111 47.211166 0.500000 55.705166 82.017395
11129 47.262653 0.500000 55.712395 82.017395
11145 47.330128 0.500000 55.721867 82.017395
11161 47.412796 0.500000 55.733471 82.017395
11178 47.495956 0.500000 55.745144 82.017395
11195 47.578285 0.500000 55.756699 82.017395
11212 47.662083 0.500000 55.768459 82.017395
11229 47.745739 0.500000 55.780201 82.017395
11245 47.828983 0.500000 55.791885 82.017395
11261 47.907948 0.500000 55.802967 82.017395
11278 47.990406 0.500000 55.814541 82.017395
11295 48.076088 0.500000 55.826569 82.017395
11311 48.153828 0.500000 55.837479 82.017395
11328 48.239208 0.500000 55.849464 82.017395
11345 48.322540 0.500000 55.861160 82.017395
11362 48.405655 0.500000 55.872826 82.017395
11378 48.485569 0.500000 55.884041 82.017395
11395 48.568794 0.500000 55.895721 82.017395
11412 48.652779 0.500000 55.907509 82.017395
11429 48.738995 0.500000 55.919609 82.017395
11445 48.819195 0.500000 55.930866 82.017395
11462 48.899410 0.500000 55.942127 82.017395
11478 48.980797 0.500000 55.953552 82.017395
11495 49.066227 0.500000 55.965542 82.017395
11511 49.145683 0.500000 55.976696 82.017395
11528 49.229286 0.500000 55.988430 82.017395
11545 49.310898 0.500000 55.999886 82.017395
11562 49.396652 0.500000 56.011921 82.017395
11579 49.478462 0.500000 56.023403 82.017395
11595 49.561562 0.500000 56.035069 82.017395
11612 49.643684 0.500000 56.046597 82.017395
11628 49.723537 0.500000 56.057579 82.178604
11645 49.807983 0.500000 56.068680 82.510162
11662 49.889744 0.500000 56.078720 83.006462
11678 49.973785 0.500000 56.088043 83.671875
11695 50.058067 0.500000 56.096157 84.506630
11711 50.138275 0.500000 56.102737 85.311401
11729 50.224483 0.500000 56.108509 86.175407
11746 50.309357 0.500000 56.112926 87.025269
11763 50.393791 0.500000 56.116184 87.790634
11778 50.473019 0.500000 56.118301 88.476746
11796 50.558716 0.500000 56.119694 89.077148
11813 50.645199 0.500000 56.120312 89.591064
11829 50.724228 0.500000 56.120285 90.025955
11847 50.814358 0.500000 56.119701 90.370712
11862 50.890743 0.500000 56.118862 90.639076
11879 50.973286 0.500000 56.117680 90.824890
11896 51.061680 0.500000 56.116261 90.922295
11912 51.139439 0.500000 56.114986 90.941933
11928 51.221451 0.500000 56.113640 90.941933
11945 51.306007 0.500000 56.112251 90.941933
11962 51.389900 0.500000 56.110874 90.941933
11978 51.471504 0.500000 56.109535 90.941933
11995 51.557339 0.500000 56.108128 90.941933
12012 51.639263 0.500000 56.106785 90.941933
12029 51.724136 0.500000 56.105392 90.941933
12045 51.806629 0.500000 56.104038 90.941933
12062 51.888039 0.500000 56.102703 90.941933
12078 51.970627 0.500000 56.101349 90.941933
12095 52.057693 0.488461 56.099922 90.941933
12112 52.140339 0.480287 56.098568 90.941933
12129 52.223537 0.480560 56.097202 90.941933
12145 52.307163 0.480835 56.095829 90.941933
12162 52.389393 0.481105 56.094479 90.941933
12178 52.472572 0.481378 56.093113 90.941933
12195 52.556667 0.481654 56.091732 90.941933
12212 52.639431 0.481926 56.090374 90.941933
12229 52.723595 0.482202 56.088993 90.941933
12245 52.806488 0.482474 56.087631 90.941933
12262 52.890209 0.482749 56.086258 90.941933
12279 52.973293 0.483022 56.084896 90.941933
12295 53.056011 0.494495 56.083538 90.941933
12312 53.139332 0.500000 56.082172 90.941933
12329 53.223972 0.500000 56.080784 90.941933
12345 53.305870 0.500000 56.079441 90.941933
12361 53.387245 0.500000 56.078106 90.941933
12379 53.473618 0.500000 56.076687 90.941933
12395 53.556499 0.500000 56.075329 90.941933
12412 53.639347 0.500000 56.073971 90.941933
12429 53.722847 0.500000 56.072601 90.941933
12445 53.805962 0.500000 56.071239 90.941933
12462 53.890930 0.500000 56.069847 90.941933
12479 53.972729 0.500000 56.068504 90.941933
12495 54.055855 0.500000 56.067139 90.941933
12512 54.140030 0.500000 56.065758 90.941933
12528 54.221203 0.500000 56.064426 90.941933
12545 54.303818 0.500000 56.063072 90.941933
12562 54.389908 0.500000 56.061661 90.941933
12578 54.470444 0.500000 56.060341 90.941933
12595 54.556965 0.500000 56.058922 90.941933
12612 54.639931 0.500000 56.057560 90.941933
12628 54.722347 0.500000 56.056210 90.941933
12645 54.806026 0.500000 56.054836 90.941933
12662 54.890057 0.500000 56.053459 90.941933
12679 54.972710 0.500000 56.052105 90.941933
12695 55.056480 0.500000 56.050732 90.941933
12712 55.139614 0.500000 56.049366 90.941933
12728 55.221054 0.500000 56.048031 90.941933
12745 55.306400 0.500000 56.046631 90.941933
12761 55.387043 0.500000 56.045307 90.941933
12779 55.472717 0.500000 56.043900 90.941933
12795 55.557148 0.500000 56.042515 90.941933
12812 55.639229 0.500000 56.041168 90.941933
12828 55.720428 0.500000 56.039837 90.941933
12845 55.806511 0.500000 56.038425 90.941933
12862 55.887859 0.500000 56.037090 90.941933
12879 55.972538 0.500000 56.035702 90.941933
12895 56.055691 0.500000 56.034336 90.941933
12912 56.137375 0.500000 56.032997 90.941933
12929 56.223110 0.500000 56.031590 90.941933
12945 56.305939 0.500000 56.030231 90.941933
12962 56.389835 0.500000 56.028854 90.941933
12979 56.472397 0.500000 56.027500 90.941933
12995 56.556774 0.500000 56.026115 90.941933
13012 56.639729 0.500000 56.024754 90.941933
13028 56.722225 0.500000 56.023399 90.941933
13045 56.806019 0.500000 56.022026 90.941933
13062 56.890320 0.500000 56.020641 90.941933
13078 56.972172 0.500000 56.019299 90.941933
13095 57.053600 0.500000 56.017735 91.104820
13112 57.139545 0.500000 56.015591 91.439651
13128 57.221115 0.500000 56.012840 91.937714
13145 57.305416 0.500000 56.009014 92.604553
13161 57.386654 0.500000 56.004173 93.418365
13179 57.472160 0.500000 55.997787 94.275810
13195 57.554497 0.500000 55.990440 95.102440
13212 57.638035 0.500000 55.981750 95.942322
13229 57.720520 0.500000 55.971958 96.772972
13246 57.805500 0.500000 55.960575 97.630386
13263 57.888649 0.500000 55.948193 98.471054
13279 57.968189 0.500000 55.935211 99.276985
13295 58.050472 0.500000 55.920540 100.112808
13312 58.132610 0.500000 55.904663 100.949402
13329 58.213848 0.500000 55.887737 101.779213
13345 58.295265 0.500000 55.869522 102.613503
13362 58.375198 0.500000 55.850433 103.435326
13379 58.457207 0.500000 55.829559 104.281563
13396 58.539673 0.500000 55.807262 105.135818
13411 58.615047 0.500000 55.785778 105.919586
13429 58.696770 0.500000 55.761150 106.773094
13446 58.779312 0.500000 55.734917 107.639214
13463 58.859463 0.500000 55.708130 108.484291
13479 58.934914 0.500000 55.681736 109.283646
13495 59.012905 0.500000 55.653179 110.114189
13512 59.090740 0.500000 55.623394 110.947594
13528 59.165680 0.500000 55.593494 111.754425
13545 59.245533 0.500000 55.560238 112.619453
13562 59.321938 0.500000 55.527096 113.452263
13579 59.396847 0.500000 55.493320 114.273987
13595 59.473022 0.500000 55.457623 115.115227
13612 59.548840 0.500000 55.420727 115.958397
13631 59.631542 0.500000 55.378807 116.885605
13645 59.695580 0.500000 55.345329 117.608231
13663 59.771450 0.500000 55.304184 118.471329
13678 59.840996 0.500000 55.265221 119.268517
13695 59.913761 0.500000 55.223038 120.109604
13713 59.988865 0.500000 55.177948 120.985603
13728 60.054321 0.500000 55.137440 121.755379
13746 60.128384 0.500000 55.090023 122.634781
13762 60.196224 0.500000 55.045223 123.447746
13779 60.265835 0.500000 54.997757 124.290283
13795 60.332378 0.500000 54.950989 125.103638
13812 60.401958 0.500000 54.900513 125.963249
13829 60.467415 0.500000 54.851582 126.780487
13845 60.533443 0.500000 54.800716 127.613983
13862 60.598915 0.500000 54.748730 128.449997
13880 60.667999 0.500000 54.692104 129.343262
13895 60.726372 0.500000 54.642948 130.106400
13912 60.789989 0.500000 54.587761 130.948593
13930 60.856365 0.500000 54.528351 131.839371
13945 60.913815 0.500000 54.475506 132.619949
13962 60.974361 0.500000 54.418148 133.453949
13979 61.033810 0.500000 54.360176 134.284302
13995 61.091831 0.500000 54.301952 135.106293
14012 61.150078 0.500000 54.241760 135.943893
14029 61.207836 0.500000 54.180298 136.787323
14045 61.263035 0.500000 54.119976 137.548981
14062 61.318546 0.500000 54.057846 138.227325
14078 61.373253 0.500000 53.995312 138.822586
14096 61.429325 0.500000 53.930054 139.331802
14113 61.484840 0.500000 53.864475 139.755096
14128 61.534000 0.500000 53.805683 140.101761
14146 61.589687 0.500000 53.738464 140.361130
14162 61.642368 0.500000 53.674488 140.537628
14178 61.693249 0.500000 53.612480 140.633911
14195 61.745800 0.500000 53.548412 140.647339
14212 61.800121 0.500000 53.482185 140.647339
14229 61.853798 0.500000 53.416744 140.647339
14245 61.905670 0.500000 53.353500 140.647339
14262 61.957241 0.500000 53.290627 140.647339
14279 62.011974 0.500000 53.223896 140.647339
14295 62.064674 0.500000 53.159645 140.647339
14312 62.117107 0.500000 53.095722 140.647339
14329 62.170319 0.500000 53.030849 140.647339
14345 62.223457 0.500000 52.966064 140.647339
14362 62.275272 0.500000 52.902897 140.647339
14379 62.328526 0.500000 52.837975 140.647339
14395 62.380093 0.500000 52.775108 140.647339
14412 62.433159 0.500000 52.710415 140.647339
14428 62.486320 0.500000 52.645603 140.647339
14445 62.540161 0.500000 52.579964 140.647339
14462 62.591915 0.500000 52.517227 140.484680
14479 62.646160 0.500000 52.452236 140.152725
14496 62.701241 0.500000 52.387402 139.650620
14512 62.755375 0.500000 52.325169 138.983536
14528 62.809231 0.500000 52.264996 138.175995
14545 62.867329 0.500000 52.201702 137.454361
14562 62.923141 0.500000 52.142246 136.814285
14579 62.981728 0.500000 52.081047 136.258926
14595 63.039711 0.500000 52.021465 135.786713
14612 63.098797 0.500000 51.961571 135.398621
14628 63.156166 0.500000 51.904022 135.091797
14645 63.215530 0.500000 51.844948 134.868713
14662 63.273933 0.500000 51.787113 134.727829
14678 63.333477 0.500000 51.728252 134.670670
14696 63.395039 0.500000 51.667397 134.670670
14712 63.453121 0.500000 51.609982 134.670670
14729 63.512447 0.500000 51.551334 134.670670
14745 63.572132 0.500000 51.492332 134.670670
14762 63.630028 0.500000 51.435101 134.670670
14779 63.690422 0.500000 51.375397 134.670670
14795 63.749981 0.500000 51.316521 134.670670
14812 63.808922 0.500000 51.258255 134.670670
14829 63.868557 0.500000 51.199303 134.670670
14845 63.927807 0.500000 51.140732 134.670670
14862 63.986534 0.500000 51.082676 134.670670
14878 64.044403 0.500000 51.025471 134.670670
14895 64.104233 0.500000 50.966328 134.670670
14912 64.164848 0.500000 50.906406 134.670670
14930 64.227165 0.500000 50.844807 134.670670
14945 64.283112 0.500000 50.789501 134.670670
14962 64.341301 0.500000 50.731983 134.670670
14978 64.400055 0.500000 50.673904 134.670670
14995 64.461105 0.500000 50.613552 134.670670
15012 64.519905 0.500000 50.555424 134.670670
15029 64.579880 0.500000 50.496136 134.670670
15046 64.639694 0.500000 50.437004 134.670670
15062 64.697670 0.500000 50.379688 134.670670
15079 64.757301 0.500000 50.320740 134.670670
15096 64.817497 0.500000 50.261230 134.670670
15112 64.875496 0.500000 50.203892 134.670670
15129 64.934830 0.500000 50.145241 134.670670
15146 64.994942 0.500000 50.085815 134.670670
15162 65.053894 0.500000 50.027534 134.670670
15179 65.113426 0.500000 49.968681 134.670670
15195 65.170517 0.500000 49.912243 134.670670
15212 65.230103 0.500000 49.853344 134.670670
15229 65.291405 0.500000 49.792744 134.670670
15245 65.349670 0.500000 49.735146 134.670670
15262 65.407555 0.500000 49.677925 134.670670
15279 65.468666 0.500000 49.617516 134.670670
15295 65.527985 0.500000 49.558876 134.670670
15312 65.587242 0.500000 49.500294 134.670670
15329 65.646370 0.500000 49.441841 134.670670
15345 65.705437 0.500000 49.383453 134.670670
15362 65.763687 0.500000 49.325871 134.670670
15379 65.824364 0.500000 49.265888 134.670670
15395 65.883247 0.500000 49.207676 134.670670
15412 65.940880 0.500000 49.150703 134.670670
15429 66.002235 0.500000 49.090050 134.670670
15445 66.060997 0.500000 49.031963 134.670670
15462 66.121017 0.500000 48.972633 134.670670
15478 66.178345 0.500000 48.915962 134.670670
15496 66.239395 0.500000 48.855610 134.670670
15512 66.297638 0.500000 48.798035 134.670670
15528 66.355835 0.500000 48.740501 134.670670
15545 66.416466 0.500000 48.680565 134.670670
15562 66.476776 0.500000 48.620945 134.670670
15578 66.533592 0.500000 48.564781 134.670670
15595 66.594383 0.500000 48.504688 134.670670
15612 66.654282 0.500000 48.445477 134.670670
15629 66.713264 0.500000 48.387165 134.670670
15645 66.772087 0.500000 48.329014 134.670670
15662 66.829941 0.500000 48.271828 134.670670
15679 66.890755 0.500000 48.211708 134.670670
15695 66.950516 0.500000 48.152634 134.670670
15712 67.009514 0.500000 48.094311 134.670670
15729 67.070702 0.500000 48.033825 134.670670
15745 67.128082 0.500000 47.977104 134.670670
15762 67.188026 0.500000 47.917850 134.670670
15779 67.246185 0.500000 47.860359 134.670670
15795 67.305511 0.500000 47.801712 134.670670
15812 67.365181 0.500000 47.742722 134.670670
15828 67.423119 0.500000 47.685448 134.670670
15845 67.483330 0.500000 47.625927 134.670670
15862 67.543022 0.500000 47.566914 134.670670
15879 67.602394 0.500000 47.508224 134.670670
15896 67.661865 0.500000 47.449432 134.670670
15912 67.720329 0.500000 47.391640 134.670670
15929 67.779602 0.500000 47.333042 134.670670
15945 67.838821 0.500000 47.274498 134.670670
15962 67.897392 0.500000 47.216599 134.670670
15979 67.957840 0.500000 47.156845 134.670670
15996 68.017395 0.500000 47.097969 134.670670
16012 68.076233 0.500000 47.039803 134.670670
16029 68.136375 0.500000 46.980347 134.670670
16045 68.194458 0.500000 46.922932 134.670670
16062 68.254013 0.500000 46.864059 134.670670
16078 68.311668 0.500000 46.807068 134.670670
16095 68.372795 0.500000 46.746639 134.670670
16112 68.431587 0.500000 46.688519 134.670670
16129 68.490395 0.500000 46.630386 134.670670
16145 68.550179 0.500000 46.571289 134.670670
16162 68.608406 0.500000 46.513725 134.670670
16178 68.667290 0.500000 46.455521 134.670670
16195 68.726837 0.500000 46.396656 134.670670
16212 68.788116 0.500000 46.336075 134.670670
16229 68.847137 0.500000 46.277729 134.670670
16245 68.905716 0.500000 46.219818 134.670670
16262 68.963234 0.500000 46.162960 134.670670
16279 69.024910 0.500000 46.101986 134.670670
16295 69.083954 0.500000 46.043621 134.670670
16312 69.142754 0.500000 45.985493 134.670670
16329 69.202515 0.500000 45.926411 134.670670
16346 69.261932 0.500000 45.867672 134.670670
16362 69.321053 0.500000 45.809227 134.670670
16378 69.378929 0.500000 45.752014 134.670670
16395 69.437637 0.500000 45.693974 134.670670
16412 69.498619 0.500000 45.633694 134.670670
16429 69.558708 0.500000 45.574291 134.670670
16445 69.616867 0.500000 45.516796 134.670670
16462 69.674759 0.500000 45.459572 134.670670
16480 69.738518 0.500000 45.396545 134.670670
16496 69.795593 0.500000 45.340122 134.670670
16512 69.854500 0.500000 45.281891 134.670670
16528 69.912003 0.500000 45.225384 134.509430
16545 69.973602 0.500000 45.165543 134.176422
16562 70.034691 0.500000 45.107224 133.674500
16579 70.094337 0.500000 45.051605 133.009476
16595 70.154678 0.500000 44.996914 132.195099
16612 70.220261 0.500000 44.939262 131.321915
16628 70.281166 0.500000 44.887211 130.520752
16645 70.346397 0.500000 44.833111 129.673294
16662 70.409744 0.500000 44.782085 128.859863
16679 70.477631 0.500000 44.729065 127.998466
16696 70.544014 0.500000 44.678749 127.165466
16712 70.610535 0.500000 44.629833 126.339775
16728 70.676628 0.500000 44.582653 125.527695
16745 70.746826 0.500000 44.534103 124.674202
16762 70.815063 0.500000 44.488338 123.852600
16778 70.884270 0.500000 44.443359 123.027214
16796 70.957016 0.500000 44.397617 122.167862
16812 71.027908 0.500000 44.354462 121.337875
16829 71.100090 0.500000 44.311943 120.500107
16846 71.172379 0.500000 44.270779 119.668266
16862 71.245293 0.500000 44.230644 118.835930
16878 71.316490 0.500000 44.192757 118.029457
16896 71.393639 0.500000 44.153179 117.162407
16912 71.467590 0.500000 44.116581 116.337265
16929 71.543304 0.500000 44.080322 115.596069
16948 71.628647 0.500000 44.040634 114.948990
16962 71.695564 0.500000 44.010319 114.375381
16979 71.770752 0.500000 43.977032 113.883995
16996 71.847435 0.500000 43.943737 113.476212
17012 71.923157 0.500000 43.911362 113.150780
17029 72.001152 0.500000 43.878399 112.910027
17045 72.076836 0.500000 43.846664 112.751335
17062 72.154289 0.500000 43.814312 112.676582
17079 72.231445 0.500000 43.782085 112.676582
17096 72.309494 0.500000 43.749485 112.676582
17112 72.384560 0.500000 43.718128 112.676582
17129 72.461533 0.500000 43.685978 112.676582
17145 72.538033 0.500000 43.654026 112.676582
17162 72.613243 0.500000 43.622612 112.676582
17179 72.693222 0.500000 43.589207 112.676582
17195 72.768822 0.500000 43.557629 112.676582
17212 72.846756 0.500000 43.525074 112.676582
17229 72.923409 0.500000 43.493057 112.676582
17246 73.000229 0.500000 43.460972 112.676582
17262 73.074638 0.500000 43.429893 112.676582
17278 73.151543 0.500000 43.397770 112.676582
17296 73.230682 0.500000 43.364712 112.676582
17312 73.308617 0.500000 43.332428 112.507866
17328 73.382538 0.500000 43.302307 112.179504
17347 73.469521 0.500000 43.267761 111.663956
17362 73.540382 0.500000 43.240574 110.996620
17379 73.618599 0.500000 43.211857 110.163368
17395 73.694702 0.500000 43.185131 109.356812
17412 73.776405 0.500000 43.157810 108.495316
17429 73.855415 0.500000 43.132656 107.666153
17446 73.935616 0.500000 43.108410 106.828285
17462 74.013519 0.500000 43.086056 106.017845
17479 74.095581 0.500000 43.063824 105.167656
17495 74.176079 0.500000 43.043259 104.336807
17512 74.258369 0.500000 43.023518 103.490555
17529 74.338669 0.500000 43.005482 102.667542
17545 74.420006 0.500000 42.988445 101.836487
17562 74.498856 0.500000 42.973076 101.033134
17579 74.582687 0.500000 42.958023 100.181435
17595 74.664558 0.500000 42.944454 99.412720
17613 74.754189 0.500000 42.930691 98.734688
17629 74.830917 0.500000 42.919731 98.134163
17646 74.916100 0.500000 42.908352 97.619568
17662 74.997849 0.500000 42.898052 97.187370
17678 75.077362 0.500000 42.888531 96.835251
17696 75.162552 0.500000 42.878735 96.568886
17712 75.245522 0.500000 42.869457 96.386009
17728 75.325485 0.500000 42.860657 96.283577
17745 75.409088 0.500000 42.851486 96.265251
17763 75.497330 0.500000 42.841808 96.265251
17779 75.574646 0.500000 42.833328 96.265251
17795 75.656754 0.500000 42.824322 96.265251
17812 75.742905 0.500000 42.814873 96.265251
17829 75.823105 0.500000 42.806301 96.103935
17845 75.906090 0.500000 42.797916 95.775810
17862 75.991005 0.500000 42.790085 95.277122
17878 76.071388 0.500000 42.783604 94.617149
17895 76.156677 0.500000 42.777969 93.786217
17912 76.241249 0.500000 42.773640 92.939400
17928 76.321083 0.500000 42.770657 92.140488
17948 76.417023 0.500000 42.768681 91.180893
17962 76.490784 0.500000 42.768116 90.443298
17979 76.574341 0.500000 42.768700 89.607712
17995 76.656387 0.500000 42.770447 88.787033
18012 76.739861 0.500000 42.773434 87.951805
18029 76.823723 0.500000 42.777668 87.112076
18046 76.908707 0.500000 42.783222 86.260422
18062 76.987152 0.500000 42.789436 85.473488
18079 77.071495 0.500000 42.797379 84.626335
18095 77.153503 0.500000 42.806286 83.801445
18112 77.235680 0.500000 42.816418 82.973457
18129 77.319656 0.500000 42.828041 82.125671
18145 77.402657 0.500000 42.840771 81.285980
18162 77.482918 0.500000 42.854244 80.472168
18179 77.567268 0.500000 42.869709 79.614571
18196 77.649086 0.500000 42.885941 78.780464
18212 77.730797 0.500000 42.903397 77.944908
18229 77.812126 0.500000 42.922009 77.110596
18245 77.890327 0.500000 42.941071 76.305672
18265 77.985687 0.500000 42.966068 75.319847
18279 78.053276 0.500000 42.984673 74.618828
18295 78.130951 0.500000 43.007225 73.810036
18312 78.212769 0.500000 43.032318 72.954262
18329 78.293091 0.500000 43.058247 72.110191
18346 78.371880 0.500000 43.084961 71.278229
18362 78.448326 0.500000 43.112091 70.467072
18379 78.528374 0.500000 43.141846 69.613106
18395 78.605438 0.500000 43.171768 68.786392
18412 78.683350 0.500000 43.203342 67.945709
18429 78.760071 0.500000 43.235737 67.112885
18446 78.836685 0.500000 43.269417 66.275970
18462 78.911537 0.500000 43.303608 65.453094
18479 78.988029 0.500000 43.339931 64.606277
18495 79.061462 0.500000 43.376099 63.787693
18512 79.136627 0.500000 43.414494 62.943672
18529 79.210159 0.500000 43.453407 62.111748
18546 79.283104 0.500000 43.493393 61.279858
18562 79.355591 0.500000 43.534504 60.446552
18579 79.426933 0.500000 43.576210 59.695889
18595 79.496628 0.500000 43.618053 59.026516
18612 79.569664 0.500000 43.662914 58.442856
18629 79.640068 0.500000 43.707008 57.942265
18646 79.711235 0.500000 43.752312 57.526035
18662 79.778915 0.500000 43.795944 57.190331
18679 79.850784 0.500000 43.842724 56.940380
18696 79.920113 0.500000 43.888145 56.773315
18712 79.989960 0.500000 43.934063 56.689838
18728 80.057602 0.500000 43.978527 56.687309
18746 80.129387 0.500000 44.025719 56.687309
18762 80.199165 0.500000 44.071590 56.687309
18779 80.268898 0.500000 44.117432 56.687309
18796 80.337868 0.500000 44.162773 56.687309
18812 80.406517 0.500000 44.207905 56.687309
18829 80.477699 0.500000 44.254696 56.687309
18845 80.545082 0.500000 44.298992 56.687309
18862 80.614769 0.500000 44.344803 56.687309
18879 80.686752 0.500000 44.392124 56.687309
18896 80.755676 0.500000 44.437431 56.687309
18912 80.825546 0.500000 44.483360 56.687309
18928 80.892830 0.500000 44.527592 56.687309
18948 80.976753 0.500000 44.583179 56.485859
18962 81.032417 0.500000 44.620514 56.150356
18979 81.101212 0.500000 44.667545 55.648186
18995 81.169083 0.500000 44.715107 54.980259
19012 81.238068 0.500000 44.764969 54.142094
19029 81.306213 0.500000 44.815781 53.292061
19046 81.371643 0.500000 44.866062 52.466866
19062 81.434937 0.500000 44.916138 51.659813
19079 81.501396 0.500000 44.970341 50.802181
19096 81.566078 0.500000 45.024715 49.957157
19112 81.627731 0.500000 45.078045 49.142014
19129 81.690201 0.500000 45.133705 48.305317
19146 81.751442 0.500000 45.189884 47.474243
19162 81.812965 0.500000 45.248024 46.627769
19179 81.871750 0.500000 45.305191 45.807751
19196 81.930939 0.500000 45.364441 44.970257
19212 81.989723 0.500000 45.425060 44.125843
19229 82.046387 0.500000 45.485207 43.299522
19245 82.102043 0.500000 45.546013 42.475178
19262 82.157829 0.500000 45.608776 41.635468
19278 82.210709 0.500000 45.669994 40.826523
19295 82.265083 0.500000 45.734840 39.980255
19312 82.318474 0.500000 45.800465 39.134293
19329 82.369598 0.500000 45.865196 38.309437
19346 82.423279 0.500000 45.935360 37.425980
19363 82.471123 0.500000 45.999733 36.623951
19379 82.518822 0.500000 46.065868 35.808533
19396 82.566925 0.500000 46.134666 34.969093
19412 82.613312 0.500000 46.203075 34.142551
19429 82.659554 0.500000 46.273476 33.300270
19446 82.704178 0.500000 46.343636 32.468769
19462 82.747017 0.500000 46.413139 31.652296
19481 82.794456 0.500000 46.492973 30.723660
19496 82.832520 0.500000 46.559010 29.961445
19512 82.871620 0.500000 46.629112 29.158752
19529 82.911934 0.500000 46.703979 28.308445
19546 82.950844 0.500000 46.778851 27.464663
19562 82.987259 0.500000 46.851406 26.652874
19578 83.023323 0.500000 46.925934 25.824936
19596 83.059273 0.500000 47.003136 24.973301
19612 83.093620 0.500000 47.079811 24.133114
19629 83.126778 0.500000 47.156845 23.294443
19645 83.158073 0.500000 47.232510 22.475636
19662 83.188835 0.500000 47.310040 21.641563
19679 83.218681 0.500000 47.388603 20.801155
19696 83.247093 0.500000 47.466831 19.968889
19712 83.274300 0.500000 47.545258 19.138803
19729 83.300400 0.500000 47.624176 18.307594
19746 83.325539 0.500000 47.704060 17.470116
19762 83.349495 0.500000 47.784264 16.633045
19779 83.372269 0.500000 47.864792 15.796180
19795 83.393066 0.500000 47.942467 14.992074
19812 83.413452 0.500000 48.023323 14.158224
19829 83.432785 0.500000 48.105057 13.318310
19845 83.450897 0.500000 48.186970 12.479383
19862 83.467506 0.500000 48.267525 11.656879
19879 83.483574 0.500000 48.351830 10.798651
19896 83.498047 0.500000 48.434261 9.961718
19912 83.510834 0.500000 48.513226 9.204777
19928 83.523201 0.500000 48.595673 8.531206
19949 83.537300 0.500000 48.696632 7.959574
19962 83.545837 0.500000 48.761898 7.453762
19979 83.555916 0.500000 48.843620 7.030564
19996 83.565956 0.500000 48.929249 6.693581
20012 83.574791 0.500000 49.007614 6.435458
20029 83.584564 0.500000 49.096680 6.266937
20045 83.593185 0.500000 49.176445 6.178646
20062 83.602242 0.500000 49.260231 6.174629
20079 83.611092 0.500000 49.342072 6.174629
20096 83.620125 0.500000 49.425602 6.174629
20112 83.628853 0.500000 49.506332 6.174629
20129 83.638115 0.500000 49.592026 6.174629
20146 83.647034 0.500000 49.674507 6.174629
20162 83.655800 0.500000 49.755592 6.174629
20179 83.664680 0.500000 49.837715 6.174629
20196 83.673912 0.500000 49.923084 6.174629
20212 83.682755 0.500000 50.004871 6.174629
20229 83.691818 0.500000 50.088718 6.174629
20246 83.700752 0.500000 50.171341 6.174629
20262 83.709740 0.500000 50.254478 6.174629
20279 83.718475 0.500000 50.335285 6.174629
20296 83.727722 0.500000 50.420799 6.174629
20312 83.736511 0.500000 50.502102 6.174629
20329 83.745338 0.500000 50.583771 6.174629
20345 83.754265 0.500000 50.666309 6.174629
20362 83.763306 0.500000 50.749905 6.174629
20379 83.772423 0.500000 50.834236 6.174629
20396 83.781319 0.500000 50.916512 6.174629
20412 83.790329 0.500000 50.999874 6.174629
20429 83.799370 0.500000 51.083527 6.174629
20445 83.808159 0.500000 51.164810 6.174629
20462 83.817009 0.500000 51.246708 6.174629
20479 83.826172 0.500000 51.331463 6.174629
20496 83.835121 0.500000 51.414238 6.174629
20512 83.843834 0.500000 51.494843 6.174629
20529 83.853050 0.500000 51.580090 6.174629
20545 83.861801 0.500000 51.661053 6.174629
20562 83.870789 0.500000 51.744164 6.174629
20579 83.879669 0.500000 51.826324 6.174629
20596 83.888824 0.500000 51.910988 6.174629
20612 83.897827 0.500000 51.994282 6.174629
20629 83.906776 0.500000 52.077072 6.174629
20646 83.915665 0.500000 52.159321 6.174629
20662 83.924683 0.500000 52.242722 6.174629
20679 83.933647 0.500000 52.325623 6.174629
20696 83.942612 0.500000 52.408581 6.174629
20712 83.951546 0.500000 52.491215 6.174629
20729 83.960464 0.500000 52.573727 6.174629
20746 83.969398 0.500000 52.656395 6.174629
20763 83.978523 0.500000 52.740814 6.174629
20779 83.987305 0.500000 52.822067 6.174629
20796 83.996292 0.500000 52.905190 6.174629
20812 84.005051 0.500000 52.986183 6.174629
20829 84.014084 0.500000 53.069767 6.174629
20846 84.023613 0.500000 53.157906 6.174629
20862 84.031975 0.500000 53.235287 6.174629
20879 84.041107 0.500000 53.319733 6.174629
20896 84.050087 0.500000 53.402824 6.174629
20912 84.058983 0.500000 53.485081 6.174629
20929 84.067810 0.500000 53.566715 6.174629
20947 84.077705 0.500000 53.658260 6.174629
20962 84.085754 0.500000 53.732727 6.174629
20979 84.094948 0.500000 53.817749 6.174629
20995 84.103630 0.500000 53.898064 6.174629
21012 84.112564 0.500000 53.980686 6.174629
21029 84.121895 0.500000 54.066975 6.174629
21046 84.130630 0.500000 54.147781 6.174629
21062 84.139412 0.500000 54.229038 6.174629
21079 84.148376 0.500000 54.311974 6.174629
21095 84.157410 0.500000 54.395569 6.174629
21112 84.166527 0.500000 54.479870 6.174629
21129 84.175423 0.500000 54.562195 6.174629
21146 84.184364 0.500000 54.644939 6.174629
21163 84.193474 0.500000 54.729176 6.174629
21179 84.202271 0.500000 54.810543 6.174629
21196 84.211235 0.500000 54.893497 6.174629
21212 84.220268 0.500000 54.977070 6.174629
21229 84.229225 0.500000 55.059917 6.174629
21246 84.238220 0.500000 55.143116 6.174629
21262 84.247177 0.500000 55.225937 6.174629
21279 84.256020 0.500000 55.307758 6.174629
21296 84.265060 0.500000 55.391418 6.174629
21312 84.274040 0.500000 55.474487 6.174629
21328 84.282532 0.500000 55.553040 6.174629
21346 84.291847 0.500000 55.639206 6.174629
21362 84.300705 0.500000 55.721165 6.174629
21379 84.309593 0.500000 55.803406 6.174629
21396 84.318756 0.500000 55.888165 6.174629
21412 84.327744 0.500000 55.971317 6.174629
21429 84.336525 0.500000 56.052578 6.174629
21446 84.345825 0.500000 56.138634 6.174629
21462 84.354622 0.500000 56.220009 6.174629
21479 84.363312 0.500000 56.300400 6.174629
21496 84.372566 0.500000 56.385986 6.174629
21512 84.381462 0.500000 56.468246 6.174629
21529 84.390236 0.500000 56.549431 6.174629
21545 84.399139 0.500000 56.631805 6.174629
21563 84.408417 0.500000 56.717609 6.174629
21579 84.417290 0.500000 56.799717 6.174629
21596 84.426216 0.500000 56.882286 6.174629
21612 84.435143 0.500000 56.964848 6.174629
21629 84.444168 0.500000 57.048363 6.174629
21646 84.453079 0.500000 57.130810 6.174629
21662 84.461891 0.500000 57.212353 6.174629
21679 84.471039 0.500000 57.296993 6.174629
21696 84.479996 0.500000 57.379814 6.174629
21713 84.489594 0.500000 57.466194 6.348448
21729 84.498955 0.500000 57.546120 6.683208
21745 84.508980 0.500000 57.625813 7.178612
21762 84.520454 0.500000 57.709145 7.842254
21779 84.533241 0.500000 57.793011 8.675570
21796 84.546944 0.500000 57.874874 9.505604
21812 84.561829 0.500000 57.956532 10.335638
21829 84.578278 0.500000 58.039772 11.184139
21846 84.595573 0.500000 58.121086 12.015468
21862 84.614021 0.500000 58.202034 12.845723
21879 84.632988 0.500000 58.280193 13.649982
21896 84.654449 0.500000 58.363186 14.507206
21912 84.676575 0.500000 58.443844 15.343595
21929 84.699547 0.500000 58.523113 16.168909
21948 84.728073 0.500000 58.615658 17.137308
21962 84.749756 0.500000 58.683025 17.845009
21981 84.778290 0.500000 58.767185 18.733656
21996 84.803497 0.493010 58.838455 19.489635
22012 84.832733 0.483072 58.917370 20.331221
22029 84.862099 0.473759 58.993305 21.145378
22046 84.893654 0.464435 59.071484 21.988428
22063 84.926323 0.455378 59.149433 22.746958
22079 84.958298 0.447011 59.223244 23.425051
22096 84.993164 0.438330 59.301517 24.017454
22112 85.027824 0.424501 59.377495 24.526348
22129 85.062820 0.409460 59.452705 24.952288
22146 85.099243 0.394041 59.529800 25.292961
22162 85.134460 0.379305 59.603477 25.551973
22179 85.170311 0.364420 59.677906 25.728374
22196 85.206779 0.349347 59.753269 25.821053
22212 85.242775 0.334473 59.827633 25.831112
22229 85.278854 0.319568 59.902164 25.831112
22245 85.315102 0.304591 59.977047 25.831112
22262 85.352158 0.300000 60.053604 25.831112
22279 85.388206 0.300000 60.128082 25.831112
22296 85.425125 0.300000 60.204357 25.831112
22312 85.461075 0.300000 60.278625 25.831112
22329 85.497215 0.300000 60.353291 25.831112
22346 85.533401 0.300000 60.428047 25.831112
22362 85.569359 0.300000 60.502335 25.831112
22379 85.606049 0.300000 60.578125 25.831112
22396 85.642677 0.300000 60.653790 25.831112
22413 85.679085 0.300000 60.729004 25.831112
22429 85.715652 0.300000 60.804550 25.831112
22445 85.750610 0.300000 60.876774 25.831112
22462 85.787224 0.300000 60.952415 25.831112
22479 85.823891 0.300000 61.028160 25.831112
22496 85.860764 0.300000 61.104332 25.831112
22512 85.895729 0.300000 61.176559 25.831112
22529 85.932823 0.300000 61.253193 25.831112
22546 85.970459 0.300000 61.330948 25.831112
22562 86.005417 0.302168 61.403164 25.831112
22579 86.041031 0.316414 61.476742 25.831112
22596 86.078308 0.331324 61.553753 25.831112
22612 86.114426 0.345771 61.628368 25.831112
22629 86.150284 0.360114 61.702442 25.831112
22646 86.186966 0.374787 61.778225 25.831112
22662 86.223358 0.389344 61.853405 25.831112
22679 86.259865 0.403947 61.928825 25.831112
22696 86.296539 0.417699 62.004585 25.831112
22712 86.332481 0.417227 62.078838 25.831112
22729 86.368011 0.416761 62.152229 25.831112
22746 86.405159 0.416272 62.228973 25.831112
22762 86.440750 0.415800 62.302502 25.831112
22779 86.477493 0.415318 62.378403 25.831112
22796 86.514214 0.414833 62.454266 25.831112
22813 86.550674 0.414350 62.529594 25.831112
22829 86.586288 0.413885 62.603161 25.831112
22846 86.623108 0.413402 62.679218 25.831112
22862 86.659119 0.412928 62.753605 25.831112
22879 86.695290 0.412452 62.828327 25.831112
22896 86.732040 0.411969 62.904243 25.831112
22912 86.767937 0.411497 62.978397 25.831112
22929 86.804695 0.411012 63.054333 25.831112
22945 86.839363 0.410555 63.125957 25.831112
22962 86.876404 0.410070 63.202469 25.831112
22979 86.912506 0.409596 63.277042 25.831112
22996 86.949966 0.409101 63.354427 25.831112
23012 86.985840 0.408631 63.428528 25.831112
23029 87.022499 0.403646 63.504261 25.831112
23046 87.058777 0.395914 63.579205 25.831112
23063 87.097015 0.387764 63.658199 25.831112
23079 87.130417 0.380641 63.727207 25.831112
23096 87.168060 0.372617 63.804977 25.831112
23112 87.203682 0.365024 63.878559 25.831112
23129 87.240097 0.357262 63.953789 25.831112
23146 87.276367 0.355273 64.028725 25.831112
23162 87.312233 0.362446 64.102821 25.831112
23179 87.349281 0.369856 64.179359 25.831112
23196 87.385529 0.377105 64.254234 25.831112
23212 87.421600 0.384319 64.328758 25.831112
23229 87.458488 0.391698 64.404968 25.831112
23246 87.494164 0.398832 64.478661 25.831112
23262 87.529991 0.405998 64.552673 25.831112
23279 87.567139 0.413428 64.629410 25.831112
23296 87.603386 0.420676 64.704285 25.831112
23312 87.639442 0.427888 64.778770 25.831112
23329 87.676430 0.435285 64.855171 25.831112
23345 87.711349 0.442270 64.927315 25.831112
23362 87.747986 0.449596 65.003006 25.831112
23379 87.783966 0.456793 65.077339 25.831112
23395 87.820473 0.464094 65.152756 25.831112
23413 87.857620 0.471524 65.229492 25.831112
23429 87.893898 0.478779 65.304428 25.831112
23446 87.930328 0.486065 65.379677 25.831112
23463 87.966522 0.493304 65.454453 25.831112
23479 88.002594 0.500000 65.528969 25.831112
23496 88.039124 0.500000 65.605011 25.662390
23513 88.074821 0.500000 65.680466 25.326723
23529 88.109352 0.500000 65.755127 24.826546
23546 88.143410 0.500000 65.831078 24.159891
23563 88.176964 0.500000 65.908913 23.323713
23579 88.208275 0.500000 65.984512 22.505434
23596 88.239075 0.500000 66.062027 21.671328
23612 88.268143 0.500000 66.138344 20.854683
23629 88.296890 0.500000 66.217278 20.014614
23646 88.324577 0.500000 66.296928 19.171360
23663 88.351250 0.500000 66.377487 18.322741
23679 88.376114 0.500000 66.456383 17.495518
23695 88.399361 0.500000 66.533974 16.685518
23712 88.422035 0.500000 66.613831 15.855416
23730 88.444633 0.500000 66.698296 14.981072
23745 88.463699 0.500000 66.773643 14.203849
23762 88.483589 0.500000 66.856422 13.511762
23779 88.502052 0.500000 66.937042 12.902382
23796 88.520538 0.495732 67.021339 12.379300
23812 88.537529 0.479647 67.101761 11.938413
23829 88.554436 0.463147 67.184265 11.581747
23846 88.570747 0.446818 67.265907 11.308334
23863 88.587158 0.430119 67.349403 11.120014
23879 88.602699 0.414148 67.429260 11.013052
23896 88.618668 0.397688 67.511559 10.989923
23912 88.634361 0.381511 67.592445 10.989923
23929 88.650558 0.359736 67.675941 10.989923
23945 88.665756 0.331448 67.754257 10.989923
23962 88.681824 0.301542 67.837059 10.989923
23979 88.697891 0.271636 67.919861 10.989923
23996 88.714012 0.242804 68.002968 10.989923
24013 88.729752 0.245952 68.084076 10.989923
24029 88.745644 0.249130 68.165970 10.989923
24046 88.761482 0.252298 68.247620 10.989923
24062 88.776779 0.255356 68.327660 10.826944
24079 88.792160 0.258434 68.410744 10.494978
24096 88.806877 0.261377 68.494293 9.993342
24112 88.820114 0.264023 68.574928 9.328279
24129 88.832535 0.266508 68.658157 8.494906
24146 88.843636 0.268727 68.740715 7.661891
24162 88.853394 0.270679 68.822090 6.842317
24179 88.862282 0.263528 68.906929 5.989319
24196 88.869682 0.250100 68.988861 5.166644
24212 88.875969 0.222295 69.070236 4.425588
24229 88.881645 0.190120 69.156349 3.770834
24246 88.886238 0.159019 69.238693 3.198550
24263 88.890213 0.126988 69.322746 2.710410
24279 88.893517 0.095380 69.405067 2.304657
24296 88.896408 0.063072 69.488731 1.982616
24312 88.898911 0.031097 69.571167 1.743047
24329 88.901230-0.001657 69.655373 1.587718
24346 88.903397-0.033726 69.737709 1.514757
24363 88.905624-0.066604 69.822136 1.514757
24379 88.907768-0.098234 69.903358 1.514757
24397 88.910202-0.100000 69.995644 1.514757
24413 88.912239-0.100000 70.072937 1.514757
24429 88.914360-0.100000 70.153488 1.514757
24446 88.916588-0.100000 70.237862 1.514757
24462 88.918739-0.100000 70.319542 1.514757
24479 88.920952-0.100000 70.403442 1.514757
24496 88.923187-0.100000 70.488380 1.514757
24512 88.925331-0.100000 70.569839 1.514757
24529 88.927597-0.100000 70.655769 1.514757
24545 88.929718-0.100000 70.736328 1.514757
24563 88.931969-0.100000 70.821632 1.514757
24579 88.934143-0.100000 70.904175 1.514757
24596 88.936356-0.100000 70.988174 1.514757
24612 88.938538-0.100000 71.070839 1.514757
24629 88.940758-0.100000 71.154922 1.514757
24646 88.942940-0.100000 71.237617 1.514757
24663 88.945160-0.100000 71.321823 1.514757
24679 88.947350-0.100000 71.404755 1.514757
24696 88.949554-0.100000 71.488419 1.514757
24713 88.951736-0.100000 71.571251 1.514757
24729 88.953690-0.100000 71.654854 1.347507
24745 88.955109-0.100000 71.735222 1.019493
24763 88.955879-0.100000 71.822037 0.517847
24779 88.956009-0.100000 71.902824 0.096989
24796 88.955650-0.093502 71.988144 359.761444
24813 88.954918-0.076596 72.071945 359.509705
24829 88.953964-0.059871 72.154610 359.340637
24846 88.952881-0.043122 72.237274 359.254242
24863 88.951782-0.026088 72.321342 359.251923
24880 88.950653-0.008554 72.407890 359.251923
24896 88.949623 0.007356 72.486412 359.251923
24912 88.948532 0.024197 72.569527 359.251923
24931 88.947304 0.043184 72.663231 359.251923
24946 88.946312 0.058486 72.738747 359.251923
24963 88.945229 0.075250 72.821487 359.251923
24979 88.944153 0.091948 72.903893 359.251923
24996 88.943054 0.100000 72.987915 359.251923
25012 88.941971 0.100000 73.070496 359.251923
25029 88.940887 0.100000 73.153114 359.251923
25046 88.939774 0.100000 73.238068 359.251923
25065 88.938545 0.100000 73.331985 359.251923
25079 88.937614 0.100000 73.403084 359.251923
25096 88.936493 0.100000 73.488838 359.251923
25112 88.935425 0.100000 73.570526 359.251923
25129 88.934334 0.100000 73.653717 359.251923
25146 88.933235 0.100000 73.737587 359.251923
25162 88.932159 0.100000 73.819702 359.251923
25179 88.931046 0.100000 73.904839 359.251923
25196 88.929962 0.100000 73.987747 359.251923
25213 88.928871 0.114234 74.071167 359.251923
25229 88.927773 0.131066 74.155327 359.251923
25246 88.926704 0.147425 74.237122 359.251923
25262 88.925629 0.163810 74.319046 359.251923
25279 88.924507 0.180895 74.404472 359.251923
25295 88.923462 0.196840 74.484200 359.251923
25312 88.922333 0.214049 74.570244 359.251923
25329 88.921257 0.230478 74.652390 359.251923
25346 88.920143 0.247553 74.737762 359.251923
25362 88.919083 0.263796 74.818977 359.251923
25379 88.917961 0.280953 74.904762 359.251923
25396 88.916878 0.283377 74.987648 359.251923
25413 88.915787 0.283159 75.071220 359.251923
25429 88.914696 0.282939 75.154716 359.251923
25446 88.913597 0.282719 75.238403 359.251923
25462 88.912537 0.282507 75.319145 359.251923
25479 88.911415 0.282284 75.404602 359.251923
25496 88.910332 0.282068 75.487129 359.251923
25513 88.909218 0.281844 75.572151 359.251923
25529 88.908142 0.281630 75.654411 359.251923
25546 88.907051 0.281412 75.737473 359.251923
25562 88.905983 0.281198 75.819244 359.251923
25579 88.904861 0.280972 75.905182 359.251923
25596 88.903778 0.280756 75.987808 359.251923
25612 88.902695 0.294658 76.070587 359.251923
25629 88.901588 0.311309 76.154945 359.251923
25646 88.900505 0.327662 76.237808 359.251923
25662 88.899422 0.344019 76.320663 359.251923
25679 88.898331 0.360436 76.403839 359.251923
25696 88.897232 0.377031 76.487923 359.251923
25713 88.896141 0.393527 76.571495 359.251923
25729 88.895058 0.409858 76.654228 359.251923
25746 88.893959 0.426368 76.737877 359.251923
25762 88.892876 0.442666 76.820450 359.251923
25779 88.891777 0.459273 76.904587 359.251923
25796 88.890686 0.475709 76.987862 359.251923
25813 88.889595 0.477917 77.071434 359.251923
25829 88.888535 0.477705 77.152512 359.251923
25846 88.887413 0.477481 77.238365 359.251923
25862 88.886337 0.477267 77.320313 359.251923
25879 88.885262 0.477051 77.402275 359.251923
25895 88.884171 0.476833 77.485535 359.251923
25913 88.883049 0.476609 77.571312 359.251923
25929 88.881966 0.476392 77.653900 359.251923
25949 88.880669 0.476133 77.752769 359.251923
25962 88.879799 0.475958 77.819008 359.251923
25979 88.878708 0.475740 77.902435 359.251923
25996 88.877632 0.475526 77.984673 359.251923
26012 88.876549 0.475308 78.067207 359.251923
26029 88.875450 0.475088 78.151253 359.251923
26046 88.874352 0.474868 78.235352 359.251923
26063 88.873260 0.474650 78.318550 359.251923
26079 88.872154 0.474431 78.402802 359.251923
26096 88.871078 0.474215 78.484886 359.251923
26113 88.869949 0.473989 78.571091 359.251923
26129 88.868942 0.473787 78.648239 359.251923
26146 88.867836 0.473567 78.733002 359.251923
26162 88.866722 0.473343 78.817917 359.251923
26179 88.865623 0.473123 78.902016 359.251923
26196 88.864540 0.472907 78.984657 359.251923
26213 88.863434 0.486524 79.069199 359.251923
26229 88.862381 0.502421 79.149719 359.251923
26247 88.861206 0.520131 79.239456 359.251923
26263 88.860168 0.535794 79.318802 359.251923
26279 88.859108 0.551774 79.399757 359.251923
26296 88.858017 0.568218 79.483078 359.251923
26313 88.856903 0.585040 79.568314 359.251923
26329 88.855812 0.601524 79.651817 359.251923
26346 88.854729 0.617853 79.734543 359.251923
26363 88.853622 0.634480 79.818787 359.251923
26379 88.852531 0.650950 79.902206 359.251923
26396 88.851440 0.667450 79.985794 359.251923
26413 88.850365 0.670073 80.067970 359.251923
26429 88.849289 0.669859 80.150291 359.251923
26445 88.848221 0.669645 80.231934 359.251923
26462 88.847137 0.669428 80.314453 359.251923
26490 88.845695 0.669140 80.424660 359.251923
26495 88.845314 0.669064 80.453995 359.251923
26513 88.844696 0.668939 80.500923 359.251923
26562 88.843437 0.668688 80.597076 359.251923
26578 88.842369 0.668474 80.678543 359.251923
26595 88.841278 0.668256 80.761864 359.251923
26612 88.840187 0.668038 80.845383 359.251923
26629 88.839088 0.667819 80.929466 359.251923
26645 88.838005 0.667603 81.011955 359.251923
26662 88.836914 0.667383 81.095490 359.251923
26679 88.835823 0.667165 81.178940 359.251923
26695 88.834717 0.666943 81.263237 359.251923
26712 88.833641 0.666729 81.345261 359.251923
26729 88.832504 0.666502 81.432045 359.251923
26745 88.831459 0.666293 81.512001 359.251923
26762 88.830360 0.666074 81.596085 359.251923
26779 88.829277 0.665856 81.678581 359.251923
26795 88.828163 0.665634 81.763420 359.251923
26812 88.827087 0.665418 81.845688 359.251923
26829 88.825989 0.665198 81.929749 359.251923
26845 88.824913 0.662558 82.012131 359.251923
26862 88.823822 0.645706 82.095299 359.251923
26879 88.822731 0.628832 82.178581 359.251923
26895 88.821632 0.611787 82.262703 359.251923
26912 88.820549 0.595067 82.345222 359.251923
26929 88.819458 0.578185 82.428543 359.251923
26946 88.818291 0.560168 82.517456 359.251923
26962 88.817253 0.544165 82.596443 359.251923
26979 88.816177 0.527484 82.678764 359.251923
26995 88.815086 0.510587 82.762161 359.251923
27012 88.813995 0.500000 82.845215 359.251923
27029 88.812897 0.500000 82.929352 359.251923
27045 88.811813 0.500000 83.011871 359.251923
27062 88.810722 0.500000 83.095184 359.251923
27079 88.809631 0.500000 83.178711 359.251923
27095 88.808525 0.500000 83.263000 359.251923
27112 88.807449 0.500000 83.345421 359.251923
27129 88.806335 0.500000 83.430328 359.251923
27145 88.805267 0.500000 83.511864 359.251923
27162 88.804169 0.500000 83.596031 359.251923
27179 88.803085 0.500000 83.678505 359.251923
27195 88.801994 0.500000 83.761856 359.251923
27212 88.800903 0.500000 83.845352 359.251923
27229 88.799797 0.500000 83.929733 359.251923
27245 88.798721 0.497594 84.012039 359.251923
27262 88.797630 0.480971 84.095146 359.251923
27279 88.796539 0.464308 84.178459 359.251923
27295 88.795441 0.447485 84.262573 359.251923
27312 88.794357 0.430970 84.345154 359.251923
27329 88.793266 0.414309 84.428459 359.251923
27345 88.792168 0.397509 84.512459 359.251923
27362 88.791069 0.380732 84.596352 359.251923
27379 88.789993 0.364273 84.678642 359.251923
27395 88.788902 0.347643 84.761787 359.251923
27412 88.787811 0.330972 84.845139 359.251923
27429 88.786713 0.314157 84.929214 359.251923
27445 88.785629 0.297639 85.011795 359.251923
27462 88.784523 0.280686 85.096558 359.251923
27479 88.783447 0.264243 85.178780 359.251923
27495 88.782349 0.247413 85.262932 359.251923
27512 88.781273 0.230942 85.345284 359.251923
27529 88.780182 0.214318 85.428406 359.251923
27545 88.779091 0.197643 85.511780 359.251923
27562 88.777992 0.180828 85.595856 359.251923
27579 88.776909 0.164315 85.678421 359.251923
27595 88.775818 0.147648 85.761749 359.251923
27612 88.774719 0.145054 85.845413 359.251923
27629 88.773621 0.145274 85.929504 359.251923
27645 88.772545 0.145490 86.011932 359.251923
27662 88.771454 0.145708 86.095070 359.251923
27679 88.770363 0.145926 86.178391 359.251923
27695 88.769264 0.146146 86.262505 359.251923
27712 88.768181 0.146364 86.345032 359.251923
27729 88.767090 0.146581 86.428642 359.251923
27745 88.765999 0.146799 86.512161 359.251923
27762 88.764900 0.147019 86.596352 359.251923
27779 88.763824 0.147233 86.678596 359.251923
27795 88.762733 0.147453 86.761719 359.251923
27812 88.761627 0.147673 86.846474 359.251923
27829 88.760544 0.147891 86.929337 359.251923
27845 88.759468 0.148105 87.011795 359.251923
27862 88.758377 0.148323 87.095047 359.251923
27879 88.757278 0.148542 87.178719 359.251923
27895 88.756180 0.148762 87.262833 359.251923
27912 88.755104 0.148978 87.345222 359.251923
27929 88.754013 0.149196 87.428337 359.251923
27945 88.752914 0.149416 87.512039 359.251923
27962 88.751816 0.149636 87.595894 359.251923
27979 88.750740 0.149850 87.678352 359.251923
27995 88.749649 0.150070 87.761665 359.251923
28012 88.748550 0.150290 87.845551 359.251923
28029 88.747452 0.150509 87.929504 359.251923
28045 88.746376 0.153100 88.011871 359.251923
28062 88.745285 0.169941 88.094978 359.251923
28079 88.744194 0.186881 88.178596 359.251923
28095 88.743095 0.203881 88.262497 359.251923
28112 88.742012 0.220603 88.345016 359.251923
28129 88.740921 0.237478 88.428307 359.251923
28146 88.739807 0.254712 88.513367 359.251923
28162 88.738724 0.271475 88.596100 359.251923
28179 88.737648 0.288164 88.678459 359.251923
28195 88.736557 0.300000 88.761681 359.251923
28212 88.735466 0.300000 88.844948 359.251923
28229 88.734367 0.300000 88.929062 359.251923
28245 88.733284 0.302324 89.011620 359.251923
28262 88.732193 0.318989 89.094948 359.251923
28279 88.731094 0.335721 89.178604 359.251923
28296 88.729988 0.352569 89.262840 359.251923
28312 88.728912 0.369031 89.345154 359.251923
28329 88.727821 0.385665 89.428329 359.251923
28345 88.726730 0.402323 89.511612 359.251923
28362 88.725632 0.419147 89.595741 359.251923
28379 88.724548 0.435665 89.678322 359.251923
28395 88.723457 0.452320 89.761604 359.251923
28412 88.722359 0.469055 89.845276 359.251923
28429 88.721260 0.485891 89.929459 359.251923
28445 88.720184 0.497642 90.011795 359.251923
28462 88.719093 0.481012 90.094940 359.251923
28479 88.718002 0.464349 90.178253 359.251923
28496 88.716881 0.447236 90.263817 359.251923
28512 88.715820 0.431019 90.344910 359.251923
28529 88.714729 0.414350 90.428253 359.251923
28545 88.713631 0.397574 90.512138 359.251923
28573 88.712173 0.375282 90.623589 359.251923
28579 88.711784 0.369333 90.653336 359.251923
28595 88.711182 0.360107 90.699471 359.251923
28612 88.710358 0.357928 90.762268 359.251923
28629 88.709312 0.358139 90.841911 359.251923
28645 88.708237 0.358353 90.924332 359.251923
28662 88.707146 0.360101 91.007629 359.251923
28679 88.706047 0.377063 91.091339 359.251923
28696 88.704948 0.394110 91.175491 359.251923
28712 88.703873 0.410802 91.257874 359.251923
28729 88.702782 0.427640 91.340965 359.251923
28745 88.701691 0.444522 91.424286 359.251923
28762 88.700592 0.461570 91.508423 359.251923
28779 88.699509 0.478292 91.590958 359.251923
28795 88.698418 0.495175 91.674278 359.251923
28812 88.697319 0.512214 91.758392 359.251923
28829 88.696220 0.529196 91.842216 359.251923
28846 88.695122 0.546259 91.926430 359.251923
28862 88.694061 0.562714 92.007637 359.251923
28879 88.692970 0.579591 92.090935 359.251923
28895 88.691872 0.596646 92.175110 359.251923
28912 88.690788 0.613356 92.257576 359.251923
28929 88.689697 0.630239 92.340904 359.251923
28946 88.688560 0.647804 92.427589 359.251923
28962 88.687500 0.664268 92.508842 359.251923
28979 88.686424 0.680939 92.591125 359.251923
28995 88.685333 0.697782 92.674248 359.251923
29012 88.684242 0.714663 92.757561 359.251923
29029 88.683136 0.731750 92.841888 359.251923
29045 88.682060 0.748442 92.924278 359.251923
29062 88.680969 0.765323 93.007591 359.251923
29079 88.679871 0.782279 93.091270 359.251923
29096 88.678772 0.799325 93.175400 359.251923
29112 88.677696 0.816011 93.257759 359.251923
29129 88.676605 0.832862 93.340919 359.251923
29145 88.675514 0.849739 93.424217 359.251923
29162 88.674416 0.866790 93.508369 359.251923
29179 88.673317 0.883794 93.592293 359.251923
29195 88.672241 0.900399 93.674232 359.251923
29212 88.671143 0.917345 93.757866 359.251923
29229 88.670044 0.934407 93.842072 359.251923
29245 88.668968 0.951087 93.924400 359.251923
29262 88.667877 0.967930 94.007523 359.251923
29279 88.667015 0.984777 94.090897 359.418671
29296 88.666649 1.001714 94.175209 359.754059
29312 88.667007 1.018120 94.257607 0.254242
29329 88.668343 1.034507 94.340881 0.920988
29345 88.670906 1.050753 94.424667 1.755387
29362 88.674706 1.066789 94.508644 2.596000
29379 88.679604 1.082244 94.590820 3.419203
29395 88.685768 1.097597 94.673752 4.250770
29412 88.693153 1.112740 94.756859 5.085080
29429 88.701889 1.127818 94.840981 5.930787
29445 88.711533 1.142189 94.922478 6.751451
29462 88.722527 1.155494 95.005074 7.584688
29479 88.734779 1.153043 95.087845 8.421434
29496 88.748329 1.150333 95.170929 9.263274
29512 88.762749 1.147449 95.252022 10.086954
29530 88.779869 1.144025 95.340279 10.985949
29546 88.796150 1.140769 95.418350 11.783495
29563 88.814171 1.137166 95.498978 12.609628
29579 88.832993 1.133401 95.577858 13.420599
29595 88.853470 1.129306 95.658485 14.252507
29612 88.875244 1.124950 95.739288 15.089355
29630 88.899208 1.120158 95.823074 15.960787
29645 88.922020 1.115596 95.898865 16.752302
29662 88.947174 1.110565 95.978249 17.585045
29679 88.974586 1.117170 96.060425 18.451298
29696 89.001350 1.127133 96.137016 19.262609
29712 89.029587 1.136933 96.214249 20.084927
29729 89.059326 1.146551 96.292084 20.918180
29745 89.090370 1.155906 96.369896 21.755915
29762 89.122749 1.164997 96.447731 22.598913
29779 89.155304 1.173527 96.522934 23.418367
29796 89.190971 1.182205 96.601997 24.285744
29812 89.224907 1.189920 96.674507 25.086288
29829 89.261673 1.197698 96.750160 25.927446
29846 89.300362 1.205293 96.826820 26.786135
29862 89.337418 1.212067 96.897758 27.586441
29879 89.378311 1.218990 96.973267 28.445181
29896 89.420441 1.215911 97.048347 29.306101
29912 89.459625 1.208075 97.115997 30.087923
29929 89.502327 1.199534 97.187325 30.919252
29947 89.549515 1.190097 97.263840 31.660683
29963 89.593277 1.181346 97.333015 32.320255
29979 89.635864 1.172828 97.398842 32.901428
29995 89.681709 1.163659 97.468399 33.399296
30013 89.729950 1.154010 97.540428 33.810471
30031 89.780151 1.143971 97.614494 34.132168
30045 89.821846 1.135630 97.675430 34.380028
30062 89.869041 1.126193 97.743996 34.544651
30079 89.916695 1.116662 97.812378 34.875973
30095 89.964943 1.107012 97.880348 35.374004
30112 90.014465 1.100000 97.948402 36.040367
30129 90.064072 1.100000 98.014565 36.867268
30146 90.117058 1.100000 98.083366 37.607327
30162 90.167465 1.100000 98.147278 38.265987
30179 90.219162 1.100000 98.211487 38.842213
30196 90.273277 1.100850 98.277527 39.333061
30213 90.326813 1.103020 98.341919 39.740170
30229 90.378326 1.104968 98.403175 40.067238
30246 90.434937 1.106997 98.469925 40.306786
30262 90.486374 1.108771 98.530235 40.467064
30279 90.542740 1.110679 98.596138 40.540623
30295 90.594894 1.112445 98.657120 40.540623
30312 90.650230 1.114319 98.721825 40.540623
30329 90.702927 1.116102 98.783440 40.540623
30345 90.757126 1.117935 98.846809 40.540623
30362 90.811256 1.119768 98.910103 40.540623
30379 90.866013 1.121623 98.974121 40.540623
30395 90.919716 1.116057 99.036911 40.540623
30412 90.974030 1.105193 99.100410 40.540623
30429 91.028168 1.094367 99.163712 40.540623
30446 91.082657 1.083470 99.227425 40.540623
30462 91.136261 1.072748 99.290092 40.540623
30479 91.190437 1.061914 99.353432 40.540623
30495 91.244621 1.051077 99.416779 40.540623
30512 91.299324 1.040136 99.480736 40.540623
30529 91.353210 1.029358 99.543739 40.540623
30545 91.407394 1.018521 99.607094 40.540623
30563 91.463585 1.007284 99.672791 40.540623
30579 91.516060 0.996788 99.734146 40.540623
30595 91.569679 0.986065 99.796837 40.540623
30612 91.623795 0.975242 99.860115 40.540623
30629 91.677956 0.964409 99.923439 40.540623
30646 91.732651 0.953470 99.987389 40.540623
30662 91.786285 0.952763 100.050095 40.540623
30679 91.840706 0.954604 100.113724 40.540623
30696 91.895912 0.956473 100.178268 40.540623
30712 91.949341 0.958280 100.240730 40.540623
30729 92.002968 0.960091 100.303429 40.540623
30745 92.057144 0.961924 100.366768 40.540623
30762 92.111336 0.963759 100.430130 40.540623
30779 92.166000 0.965607 100.494049 40.540623
30795 92.219643 0.967422 100.556763 40.540623
30812 92.274147 0.969267 100.620491 40.540623
30829 92.328194 0.971096 100.683678 40.540623
30846 92.382690 0.972937 100.747391 40.540623
30862 92.436310 0.974754 100.810089 40.540623
30879 92.490486 0.976587 100.873428 40.540623
30895 92.544640 0.978418 100.936737 40.540623
30912 92.599342 0.980133 101.000694 40.540623
30929 92.652977 0.969405 101.063400 40.540623
30946 92.708611 0.958279 101.128448 40.540623
30962 92.761574 0.947686 101.190376 40.540623
30979 92.816109 0.936779 101.254135 40.540623
30995 92.869682 0.926066 101.316772 40.540623
31012 92.923820 0.915237 101.380074 40.540623
31029 92.977997 0.904403 101.443420 40.540623
31046 93.032776 0.893444 101.507469 40.540623
31062 93.086365 0.882726 101.570122 40.540623
31079 93.140770 0.871845 101.633728 40.540623
31095 93.194908 0.861018 101.697021 40.540623
31112 93.249367 0.850125 101.760696 40.540623
31129 93.302994 0.839402 101.823395 40.540623
31145 93.357162 0.828567 101.886726 40.540623
31162 93.411339 0.817731 101.950066 40.540623
31179 93.466026 0.809596 102.014000 40.540623
31196 93.520584 0.811443 102.077789 40.540623
31212 93.574059 0.813252 102.140312 40.540623
31229 93.628242 0.815085 102.203659 40.540623
31246 93.683960 0.816971 102.268806 40.540623
31262 93.736549 0.818750 102.330292 40.540623
31279 93.790535 0.820577 102.393410 40.540623
31295 93.844704 0.822408 102.456741 40.540623
31312 93.899422 0.824261 102.520714 40.540623
31329 93.953018 0.826076 102.583382 40.540623
31346 94.007500 0.827919 102.647087 40.540623
31362 94.061623 0.829750 102.710365 40.540623
31379 94.116058 0.831591 102.774010 40.540623
31395 94.169685 0.833404 102.836708 40.540623
31412 94.223877 0.835238 102.900070 40.540623
31429 94.278015 0.837071 102.963371 40.540623
31446 94.332710 0.833458 103.027321 40.540623
31462 94.386353 0.822731 103.090042 40.540623
31479 94.440826 0.811836 103.153732 40.540623
31496 94.495178 0.800964 103.216927 40.707325
31512 94.550179 0.789965 103.280106 41.041565
31529 94.604851 0.779031 103.341820 41.540699
31545 94.660851 0.767831 103.403580 42.206573
31562 94.717712 0.756457 103.464493 43.039093
31579 94.776077 0.744784 103.525185 43.881153
31595 94.834091 0.733181 103.583809 44.705940
31613 94.896156 0.720769 103.644653 45.575073
31629 94.954224 0.709155 103.700005 46.377323
31646 95.018852 0.696229 103.759743 47.257393
31662 95.077148 0.684569 103.812157 48.041344
31679 95.139786 0.672040 103.866859 48.872963
31696 95.206367 0.658725 103.923241 49.745434
31713 95.271904 0.645617 103.977089 50.593643
31730 95.336159 0.638441 104.028366 51.415688
31746 95.398911 0.635625 104.077042 52.209843
31763 95.468117 0.632187 104.129059 53.075565
31780 95.536636 0.628471 104.178993 53.923420
31796 95.604218 0.624506 104.226753 54.750984
31813 95.672310 0.620224 104.273430 55.576519
31829 95.738922 0.615762 104.317734 56.376503
31846 95.811951 0.610555 104.364723 57.244884
31862 95.879578 0.605467 104.406914 58.041954
31879 95.951088 0.599802 104.450104 58.877338
31896 96.023056 0.593819 104.492142 59.710831
31912 96.095970 0.587499 104.533463 60.460514
31929 96.170868 0.580783 104.574776 61.124664
31948 96.252525 0.573251 104.618767 61.696064
31963 96.316971 0.567159 104.652763 62.194599
31979 96.390282 0.560093 104.690750 62.610565
31996 96.464905 0.552796 104.728874 62.942734
32012 96.538269 0.545539 104.765953 63.192703
32029 96.612579 0.538134 104.803246 63.359528
32046 96.690208 0.530370 104.842064 63.439560
32062 96.761566 0.523239 104.877754 63.439804
32079 96.835846 0.515813 104.914902 63.439804
32095 96.910454 0.508352 104.952209 63.439804
32113 96.986938 0.500707 104.990463 63.439804
32129 97.059433 0.493457 105.026718 63.439804
32146 97.134323 0.485971 105.064171 63.439804
32162 97.208794 0.478526 105.101418 63.439804
32179 97.283791 0.471026 105.138924 63.439804
32195 97.357574 0.463651 105.175827 63.439804
32212 97.432098 0.456200 105.213097 63.439804
32229 97.506676 0.448746 105.250397 63.439804
32246 97.581909 0.441224 105.288025 63.439804
32262 97.655708 0.433846 105.324936 63.439804
32279 97.730560 0.426364 105.362373 63.439804
32296 97.805260 0.418896 105.399734 63.439804
32312 97.880096 0.411413 105.437157 63.439804
32329 97.955139 0.403911 105.474686 63.439804
32345 98.028427 0.396582 105.511337 63.439804
32362 98.102921 0.389135 105.548592 63.439804
32379 98.178123 0.381669 105.586464 63.271397
32395 98.251579 0.374486 105.624008 62.938000
32412 98.325745 0.367400 105.662735 62.437271
32429 98.399147 0.360602 105.702156 61.769905
32446 98.472435 0.354094 105.742897 60.934841
32462 98.544121 0.348000 105.784119 60.107906
32479 98.615685 0.342194 105.826660 59.275368
32496 98.687920 0.336628 105.871063 58.427444
32512 98.757729 0.331528 105.915367 57.600666
32529 98.826797 0.326763 105.960617 56.774925
32546 98.896111 0.322276 106.007492 55.938129
32562 98.964478 0.318143 106.055183 55.104588
32579 99.032478 0.314328 106.104118 54.266785
32596 99.098709 0.310906 106.153236 53.442219
32612 99.164871 0.307790 106.203819 52.609409
32629 99.230347 0.305011 106.255402 51.775867
32646 99.295692 0.302551 106.308449 50.934162
32662 99.358994 0.300478 106.361382 50.108982
32679 99.422447 0.300000 106.416023 49.271606
32696 99.484985 0.300000 106.471329 48.517715
32712 99.546982 0.300000 106.527458 47.847454
32729 99.607796 0.300000 106.583656 47.259998
32746 99.668396 0.300000 106.640663 46.755741
32762 99.728577 0.300000 106.698112 46.334682
32779 99.789116 0.300000 106.756599 45.997799
32796 99.848183 0.300000 106.814163 45.743393
32812 99.907944 0.300000 106.872749 45.572674
32829 99.967514 0.300000 106.931328 45.485497
32846 100.027145 0.300000 106.989967 45.481953
32862 100.085945 0.309558 107.047791 45.481953
32879 100.145363 0.321242 107.106216 45.481953
32896 100.205795 0.333127 107.165642 45.481953
32912 100.264816 0.344736 107.223686 45.481953
32929 100.323616 0.356300 107.281509 45.481953
32946 100.383499 0.368080 107.340401 45.481953
32962 100.443138 0.379809 107.399048 45.481953
32979 100.502586 0.391500 107.457504 45.481953
32996 100.561325 0.403052 107.515266 45.481953
33012 100.620735 0.414737 107.573692 45.481953
33029 100.680130 0.426420 107.632103 45.481953
33046 100.740143 0.438223 107.691124 45.481953
33062 100.799049 0.449808 107.749046 45.481953
33079 100.858742 0.461547 107.807747 45.481953
33096 100.918213 0.473244 107.866226 45.481953
33112 100.977875 0.484979 107.924896 45.481953
33129 101.036667 0.496543 107.982712 45.481953
33146 101.096085 0.500000 108.041145 45.481953
33162 101.155533 0.500000 108.099609 45.481953
33179 101.215546 0.500000 108.158623 45.481953
33196 101.274361 0.500000 108.216461 45.481953
33212 101.334023 0.500000 108.275131 45.481953
33229 101.393539 0.500000 108.333656 45.481953
33246 101.453224 0.500000 108.392349 45.481953
33262 101.512039 0.500000 108.450180 45.481953
33279 101.571465 0.500000 108.508614 45.481953
33296 101.630882 0.500000 108.567047 45.481953
33312 101.690880 0.500000 108.626045 45.481953
33329 101.749725 0.500000 108.683914 45.481953
33346 101.809235 0.500000 108.742783 45.314537
33362 101.868126 0.500000 108.801712 44.980499
33379 101.927834 0.500000 108.862534 44.475990
33396 101.983978 0.500000 108.921074 43.809258
33412 102.041054 0.500000 108.981812 43.225868
33429 102.097580 0.500000 109.043022 42.725800
33446 102.154243 0.500000 109.105293 42.309921
33462 102.209412 0.500000 109.166634 41.976543
33479 102.265083 0.500000 109.229073 41.726822
33496 102.320473 0.500000 109.291550 41.560600
33512 102.375870 0.500000 109.354233 41.478031
33529 102.430557 0.500000 109.416107 41.478031
33546 102.485741 0.500000 109.478554 41.478031
33562 102.540909 0.500000 109.540977 41.478031
33579 102.596664 0.500000 109.604065 41.478031
33596 102.651321 0.500000 109.665901 41.478031
33612 102.706703 0.500000 109.728561 41.478031
33629 102.761879 0.500000 109.790993 41.478031
33646 102.817413 0.500000 109.853828 41.478031
33662 102.872032 0.500000 109.915627 41.478031
33679 102.927208 0.500000 109.978058 41.478031
33696 102.982399 0.508103 110.040512 41.478031
33712 103.038124 0.520712 110.103561 41.478031
33729 103.092773 0.533077 110.165398 41.478031
33746 103.148224 0.545628 110.228142 41.478031
33762 103.203377 0.558108 110.290543 41.478031
33779 103.258896 0.570672 110.353363 41.478031
33796 103.313530 0.583034 110.415176 41.478031
33812 103.368706 0.595520 110.477608 41.478031
33829 103.423889 0.608008 110.540047 41.478031
33846 103.480560 0.620833 110.604172 41.478031
33862 103.534279 0.632990 110.664955 41.478031
33879 103.589691 0.645529 110.727654 41.478031
33896 103.644890 0.658021 110.790115 41.478031
33912 103.700371 0.670579 110.852898 41.478031
33929 103.756599 0.683303 110.916519 41.478031
33946 103.810310 0.695458 110.977295 41.478031
33962 103.865425 0.700000 111.039650 41.478031
33979 103.921219 0.700000 111.102783 41.478031
33996 103.975838 0.700000 111.164581 41.478031
34012 104.031242 0.693752 111.227272 41.478031
34029 104.086395 0.682723 111.289680 41.478031
34046 104.141930 0.671616 111.352524 41.478031
34062 104.196533 0.660694 111.414307 41.478031
34079 104.251717 0.649657 111.476746 41.478031
34096 104.307220 0.638556 111.539177 41.645103
34112 104.363426 0.627315 111.601639 41.980236
34129 104.419144 0.616174 111.662483 42.480366
34146 104.476395 0.604722 111.723572 43.147942
34162 104.534218 0.593158 111.783493 43.980686
34179 104.593323 0.581337 111.842987 44.819290
34196 104.652306 0.569540 111.900665 45.644299
34212 104.712700 0.557462 111.958038 46.477348
34229 104.773972 0.548116 112.014557 47.310944
34246 104.836685 0.546809 112.070732 48.152885
34262 104.898849 0.545218 112.124947 48.912342
34279 104.962570 0.543330 112.179214 49.588100
34296 105.026550 0.541201 112.232559 50.180561
34313 105.092453 0.538817 112.286537 50.687836
34329 105.155617 0.536375 112.337486 51.113964
34346 105.220772 0.533725 112.389404 51.456779
34362 105.286186 0.530972 112.441048 51.716251
34379 105.352409 0.528115 112.492989 51.891563
34396 105.417442 0.525276 112.543831 51.984329
34413 105.484619 0.522341 112.596329 51.991837
34429 105.549316 0.519516 112.646896 51.991837
34446 105.615250 0.516636 112.698433 51.991837
34462 105.680092 0.513805 112.749115 51.991837
34479 105.745728 0.510937 112.800415 51.991837
34496 105.811409 0.508068 112.851746 51.991837
34512 105.877724 0.505172 112.903580 51.991837
34529 105.942726 0.502332 112.954384 51.991837
34546 106.008751 0.500000 113.005989 51.991837
34562 106.074326 0.500000 113.057243 51.991837
34579 106.140366 0.500000 113.108856 51.991837
34596 106.205360 0.500000 113.159653 51.991837
34612 106.271011 0.500000 113.210968 51.991837
34629 106.336678 0.500000 113.262291 51.991837
34646 106.403015 0.500000 113.314140 51.991837
34662 106.468079 0.500000 113.364990 51.991837
34679 106.533829 0.500000 113.416382 51.991837
34696 106.599731 0.500000 113.467888 51.991837
34712 106.665657 0.500000 113.519409 51.991837
34729 106.730659 0.500000 113.570213 51.991837
34746 106.796349 0.500000 113.621552 51.991837
34762 106.862152 0.500000 113.672684 52.158512
34779 106.928894 0.500000 113.723915 52.493454
34796 106.994774 0.500000 113.773582 52.993404
34812 107.062042 0.500000 113.823067 53.660374
34829 107.130127 0.500000 113.871651 54.494625
34846 107.200180 0.500000 113.920082 55.346294
34862 107.267532 0.500000 113.965324 56.116829
34879 107.337204 0.500000 114.010918 56.804104
34896 107.407455 0.500000 114.055847 57.407986
34912 107.478737 0.500000 114.100525 57.927742
34929 107.549797 0.500000 114.144310 58.364037
34946 107.620567 0.500000 114.187325 58.717518
34962 107.692085 0.500000 114.230331 58.987545
34979 107.763924 0.500000 114.273209 59.173912
34996 107.834908 0.500000 114.315407 59.277702
35012 107.906448 0.500000 114.357903 59.298279
35029 107.978111 0.500000 114.400475 59.298279
35046 108.050446 0.500000 114.443436 59.298279
35062 108.121384 0.500000 114.485573 59.298279
35079 108.193199 0.500000 114.528236 59.298279
35096 108.265099 0.500000 114.570946 59.298279
35113 108.337212 0.500000 114.613777 59.298279
35129 108.407997 0.500000 114.655823 59.298279
35146 108.479668 0.500000 114.698395 59.298279
35162 108.551285 0.500000 114.740936 59.298279
35179 108.623703 0.500000 114.783951 59.298279
35196 108.694595 0.500000 114.826057 59.298279
35212 108.766617 0.500000 114.868835 59.298279
35229 108.838173 0.500000 114.911339 59.298279
35246 108.911507 0.500000 114.954895 59.298279
35262 108.981201 0.500000 114.996292 59.298279
35279 109.052834 0.497204 115.038841 59.298279
35296 109.124496 0.491384 115.081406 59.298279
35312 109.196838 0.485508 115.124374 59.298279
35329 109.267792 0.479748 115.166519 59.298279
35346 109.339767 0.473902 115.209274 59.298279
35362 109.411507 0.468078 115.251884 59.298279
35379 109.483437 0.462236 115.294609 59.298279
35396 109.554436 0.456470 115.336777 59.298279
35412 109.626091 0.450652 115.379341 59.298279
35429 109.697708 0.444838 115.421883 59.298279
35446 109.770081 0.438960 115.464874 59.298279
35462 109.841003 0.433200 115.506996 59.298279
35479 109.912811 0.427368 115.549644 59.298279
35496 109.984772 0.421526 115.592392 59.298279
35513 110.056709 0.404338 115.635124 59.298279
35529 110.128807 0.384065 115.677948 59.298279
35546 110.199287 0.364246 115.719810 59.298279
35562 110.270912 0.344102 115.762352 59.298279
35579 110.343262 0.323757 115.805328 59.298279
35596 110.414223 0.303805 115.847481 59.298279
35612 110.486015 0.283617 115.890129 59.298279
35629 110.558578 0.263211 115.933228 59.298279
35646 110.631119 0.242813 115.976318 59.298279
35662 110.700813 0.223217 116.017715 59.298279
35679 110.772476 0.203063 116.060280 59.298279
35696 110.844109 0.182921 116.102829 59.298279
35713 110.916527 0.162557 116.145844 59.298279
35729 110.987442 0.142615 116.187965 59.298279
35746 111.059258 0.146124 116.230621 59.298279
35762 111.131142 0.154665 116.273323 59.298279
35779 111.203064 0.163208 116.316040 59.298279
35796 111.274017 0.171637 116.358185 59.298279
35812 111.345657 0.180147 116.400734 59.298279
35829 111.417717 0.188707 116.443535 59.298279
35846 111.489799 0.197271 116.486351 59.298279
35862 111.560844 0.205711 116.528549 59.298279
35879 111.632927 0.214273 116.571365 59.298279
35896 111.704254 0.222746 116.613731 59.298279
35913 111.776360 0.231314 116.656563 59.298279
35929 111.847237 0.239732 116.698662 59.298279
35946 111.919968 0.248374 116.741867 59.298279
35962 111.990601 0.256765 116.783821 59.298279
35979 112.062935 0.252772 116.826790 59.298279
35996 112.133926 0.247007 116.868958 59.298279
36012 112.205803 0.241169 116.911652 59.298279
36030 112.279480 0.235189 116.955414 59.298279
36046 112.349709 0.229484 116.997124 59.298279
36062 112.420494 0.215899 117.039169 59.298279
36079 112.492081 0.201583 117.081688 59.298279
36096 112.563736 0.187252 117.124252 59.298279
36113 112.636108 0.172778 117.167236 59.298279
36129 112.707214 0.158556 117.209473 59.298279
36146 112.778885 0.144222 117.252045 59.298279
36162 112.850861 0.129827 117.294800 59.298279
36179 112.922722 0.115453 117.337486 59.298279
36196 112.994858 0.101028 117.380333 59.298279
36212 113.065277 0.100000 117.422157 59.298279
36229 113.136971 0.100000 117.464745 59.298279
36246 113.209427 0.100000 117.507782 59.298279
36263 113.282196 0.100000 117.551010 59.298279
36279 113.352356 0.100000 117.592690 59.298279
36296 113.423714 0.100000 117.635078 59.298279
36313 113.495888 0.100000 117.677948 59.298279
36329 113.566833 0.100000 117.720085 59.298279
36346 113.638489 0.100000 117.762650 59.298279
36362 113.710388 0.100000 117.805359 59.298279
36379 113.782715 0.100000 117.848320 59.298279
36396 113.853455 0.100000 117.890343 59.298279
36412 113.925385 0.100000 117.933067 59.298279
36429 113.998497 0.100000 117.976494 59.298279
36446 114.069138 0.100000 118.018456 59.298279
36462 114.140068 0.100000 118.060585 59.298279
36479 114.211700 0.100000 118.103134 59.298279
36496 114.283379 0.100000 118.145714 59.298279
36513 114.355858 0.100000 118.188766 59.298279
36529 114.426643 0.100000 118.230812 59.298279
36546 114.498672 0.100000 118.273598 59.298279
36562 114.570236 0.100000 118.316101 59.298279
36579 114.642303 0.100000 118.358910 59.298279
36596 114.713264 0.100000 118.401062 59.298279
36612 114.784920 0.100000 118.443626 59.298279
36629 114.856583 0.100000 118.486191 59.298279
36646 114.929085 0.100000 118.529259 59.298279
36662 114.999863 0.100000 118.571304 59.298279
36679 115.071815 0.100000 118.614044 59.298279
36696 115.143471 0.100000 118.656609 59.298279
36713 115.215515 0.100000 118.699402 59.298279
36729 115.286469 0.100000 118.741547 59.298279
36746 115.358131 0.100000 118.784111 59.298279
36762 115.429764 0.100000 118.826660 59.298279
36779 115.502319 0.100000 118.869759 59.298279
36796 115.573105 0.100000 118.911804 59.298279
36812 115.645035 0.100000 118.954529 59.298279
36829 115.718071 0.100000 118.997910 59.298279
36846 115.788910 0.100000 119.039986 59.298279
36862 115.859703 0.100000 119.082039 59.298279
36879 115.931358 0.100000 119.124603 59.298279
36896 116.002975 0.100000 119.167145 59.298279
36913 116.075485 0.100000 119.210213 59.298279
36929 116.146317 0.100000 119.252289 59.298279
36946 116.218475 0.100000 119.295151 59.298279
36962 116.289932 0.100000 119.337593 59.298279
36979 116.362030 0.100000 119.380417 59.298279
36996 116.432922 0.100000 119.422523 59.298279
37012 116.504532 0.100000 119.465057 59.298279
37029 116.576180 0.100000 119.507614 59.298279
37046 116.648735 0.100000 119.550713 59.298279
37062 116.719475 0.100000 119.592735 59.298279
37079 116.791458 0.100000 119.635490 59.298279
37096 116.863060 0.100000 119.678291 59.131435
37113 116.934654 0.100000 119.721664 58.797176
37129 117.004974 0.100000 119.765114 58.297607
37146 117.075325 0.100000 119.809708 57.631451
37162 117.144981 0.100000 119.855301 56.798946
37179 117.214966 0.100000 119.902596 55.954262
37196 117.282433 0.100000 119.949608 55.131981
37212 117.350388 0.100000 119.998459 54.295063
37229 117.418610 0.100000 120.049057 53.445675
37246 117.483940 0.100000 120.098976 52.623478
37263 117.550323 0.100000 120.151062 51.885662
37279 117.613914 0.100000 120.202156 51.229424
37296 117.678276 0.100000 120.254929 50.656414
37313 117.743118 0.100000 120.309029 50.167854
37329 117.805855 0.100000 120.362122 49.761486
37346 117.871216 0.100000 120.418068 49.441151
37363 117.932693 0.100000 120.471130 49.202026
37380 117.997879 0.100000 120.527718 49.049217
37396 118.058197 0.100000 120.580208 48.976368
37412 118.120949 0.100000 120.634811 48.976368
37429 118.183807 0.100000 120.689507 48.976368
37446 118.247322 0.100000 120.744774 48.976368
37463 118.310860 0.100000 120.800064 48.976368
37479 118.372696 0.100000 120.853874 48.976368
37496 118.435532 0.100000 120.908554 48.976368
37513 118.498749 0.100000 120.963570 48.976368
37529 118.561012 0.100000 121.017754 48.976368
37546 118.623901 0.100000 121.072479 48.976368
37562 118.686775 0.100000 121.127197 48.976368
37579 118.750427 0.100000 121.182587 48.976368
37596 118.812630 0.100000 121.236717 48.976368
37613 118.875610 0.100000 121.291527 48.976368
37629 118.938454 0.100000 121.346214 48.976368
37646 119.001709 0.100000 121.401260 48.976368
37663 119.065048 0.100000 121.456375 48.976368
37679 119.126801 0.100000 121.510117 48.976368
37696 119.189682 0.100000 121.564835 48.976368
37713 119.253151 0.100000 121.620071 48.976368
37729 119.315536 0.100000 121.674362 48.976368
37746 119.378815 0.100000 121.729431 48.976368
37763 119.441437 0.100000 121.783920 48.976368
37779 119.504662 0.100000 121.838936 48.976368
37796 119.566910 0.100000 121.893105 48.976368
37812 119.629753 0.100000 121.947792 48.976368
37829 119.692627 0.100000 122.002502 48.976368
37846 119.756180 0.100000 122.057808 48.976368
37863 119.818520 0.100000 122.112053 48.976368
37879 119.881477 0.100000 122.166840 48.976368
37896 119.944374 0.100000 122.221573 48.976368
37913 120.007614 0.100000 122.276604 48.976368
37929 120.069847 0.100000 122.330757 48.976368
37947 120.135902 0.100000 122.388237 48.976368
37963 120.196342 0.100000 122.440834 48.976368
37980 120.260300 0.100000 122.496490 48.976368
37996 120.321495 0.100000 122.549744 48.976368
38013 120.384338 0.100000 122.604759 48.809322
38029 120.446686 0.100000 122.659981 48.475708
38046 120.509048 0.100000 122.716194 47.974171
38062 120.569626 0.100000 122.772095 47.307774
38079 120.629990 0.100000 122.829437 46.475185
38096 120.689590 0.100000 122.887718 45.641575
38113 120.750168 0.100000 122.948769 44.781525
38130 120.807404 0.100000 123.008141 43.956856
38146 120.864876 0.100000 123.069534 43.115852
38163 120.919594 0.100000 123.129669 42.302837
38180 120.976692 0.100000 123.194344 41.440079
38196 121.028770 0.100000 123.255020 40.640503
38212 121.082069 0.100000 123.318993 39.807827
38229 121.134445 0.100000 123.383743 38.974998
38246 121.186447 0.100000 123.449989 38.132816
38263 121.236549 0.100000 123.515762 37.305984
38280 121.287308 0.100000 123.584480 36.451641
38296 121.334785 0.100000 123.650726 35.636631
38313 121.382614 0.100000 123.719566 34.798370
38329 121.428665 0.100000 123.787918 33.974232
38346 121.474243 0.100000 123.857735 33.140469
38362 121.518730 0.100000 123.928108 32.307896
38379 121.562660 0.100000 123.999901 31.466209
38396 121.604858 0.100000 124.071167 30.637981
38413 121.646294 0.100000 124.143517 29.804199
38430 121.687439 0.100000 124.217896 28.954233
38446 121.726196 0.100000 124.290390 28.132223
38463 121.764145 0.100000 124.363640 27.392708
38480 121.802650 0.100000 124.440094 26.738794
38496 121.838432 0.100000 124.512947 26.166048
38513 121.874840 0.100000 124.588699 25.677347
38529 121.910042 0.100000 124.663269 25.271105
38546 121.945335 0.100000 124.739166 24.948561
38563 121.980179 0.100000 124.814926 24.709408
38579 122.015022 0.100000 124.891212 24.554123
38596 122.049294 0.100000 124.966484 24.481543
38613 122.083717 0.100000 125.042084 24.481543
38629 122.118248 0.100000 125.117928 24.481543
38646 122.153137 0.100000 125.194550 24.481543
38663 122.187317 0.100000 125.269615 24.481543
38679 122.222000 0.100000 125.345795 24.481543
38696 122.256508 0.100000 125.421593 24.481543
38713 122.291237 0.100000 125.497871 24.481543
38729 122.325516 0.100000 125.573166 24.481543
38746 122.359962 0.100000 125.648819 24.481543
38763 122.394501 0.100000 125.724670 24.481543
38779 122.429367 0.100000 125.801254 24.481543
38796 122.464188 0.100000 125.877731 24.481543
38813 122.498260 0.100000 125.952568 24.481543
38829 122.532799 0.100000 126.028419 24.481543
38846 122.567535 0.100000 126.104713 24.481543
38863 122.602646 0.100000 126.181824 24.481543
38879 122.636292 0.100000 126.255722 24.481543
38896 122.670799 0.100000 126.331520 24.481543
38913 122.705658 0.100000 126.408089 24.481543
38930 122.740784 0.100000 126.485237 24.481543
38947 122.776550 0.100000 126.563782 24.481543
38963 122.809067 0.100000 126.635201 24.481543
38979 122.843773 0.100000 126.711426 24.481543
38996 122.877922 0.100000 126.786423 24.481543
39012 122.912445 0.100000 126.862251 24.481543
39029 122.947029 0.100000 126.938202 24.481543
39046 122.981934 0.100000 127.014870 24.481543
39063 123.016106 0.100000 127.089920 24.481543
39079 123.050789 0.100000 127.166092 24.481543
39096 123.085320 0.100000 127.241936 24.481543
39113 123.120125 0.100000 127.318375 24.481543
39129 123.154236 0.100000 127.393295 24.481543
39146 123.188805 0.100000 127.469215 24.481543
39163 123.223373 0.100000 127.545135 24.481543
39180 123.258804 0.100000 127.622963 24.481543
39196 123.292183 0.100000 127.696854 24.319386
39213 123.326180 0.100000 127.773285 23.989927
39229 123.359383 0.100000 127.849678 23.493870
39246 123.391991 0.100000 127.927170 22.829668
39263 123.422813 0.100000 128.003448 22.006926
39279 123.452919 0.100000 128.081177 21.173347
39296 123.481873 0.100000 128.159317 20.339958
39313 123.509949 0.100000 128.238647 19.498442
39329 123.536369 0.100000 128.316833 18.673195
39346 123.561996 0.100000 128.396500 17.836330
39363 123.586357 0.100000 128.476181 17.003059
39379 123.609734 0.100000 128.556839 16.163263
39396 123.631523 0.100000 128.636307 15.339191
39413 123.652504 0.100000 128.716904 14.598406
39429 123.672577 0.100000 128.797775 13.940944
39446 123.692139 0.100000 128.880157 13.368155
39463 123.710434 0.100000 128.960220 12.877494
39479 123.728493 0.100000 129.041870 12.470454
39496 123.746010 0.100000 129.123306 12.146715
39513 123.763344 0.100000 129.205551 11.907023
39530 123.780876 0.100000 129.289856 11.753436
39546 123.797028 0.100000 129.368057 11.679707
39563 123.813820 0.100000 129.449371 11.679707
39579 123.830841 0.100000 129.531769 11.679707
39596 123.847527 0.100000 129.612549 11.679707
39613 123.864456 0.100000 129.694519 11.679707
39629 123.881310 0.100000 129.776108 11.679707
39646 123.898315 0.100000 129.858444 11.679707
39663 123.914955 0.100000 129.938995 11.679707
39679 123.931808 0.104117 130.020584 11.679707
39696 123.948669 0.120442 130.102203 11.679707
39713 123.965714 0.136941 130.184708 11.679707
39729 123.982391 0.153089 130.265442 11.679707
39746 123.999329 0.169490 130.347443 11.679707
39763 124.016174 0.185797 130.428986 11.679707
39779 124.033203 0.202285 130.511429 11.679707
39796 124.050072 0.218376 130.591888 11.844139
39813 124.067627 0.234660 130.673309 12.175148
39829 124.085907 0.250920 130.754608 12.672817
39846 124.105316 0.267305 130.836533 13.338879
39863 124.125519 0.283609 130.918045 13.920967
39879 124.145996 0.299534 130.997681 14.420829
39896 124.167320 0.300000 131.078232 14.837367
39913 124.189285 0.300000 131.159302 15.169906
39929 124.211174 0.300000 131.238663 15.420122
39946 124.233620 0.300000 131.319168 15.586758
39963 124.256081 0.300000 131.399231 15.670233
39979 124.278801 0.300000 131.480225 15.670233
39996 124.301102 0.300000 131.559708 15.670233
40013 124.323692 0.300000 131.640244 15.670233
40029 124.346207 0.300000 131.720490 15.670233
40046 124.368889 0.300000 131.801361 15.670233
40063 124.391113 0.300000 131.880585 15.670233
40079 124.413620 0.300000 131.960831 15.670233
40096 124.436134 0.300000 132.041077 15.670233
40113 124.458862 0.300000 132.122086 15.670233
40129 124.481163 0.300000 132.201569 15.670233
40146 124.503761 0.300000 132.282135 15.670233
40163 124.526260 0.300000 132.362350 15.670233
40179 124.549019 0.300000 132.443466 15.670233
40196 124.571198 0.300000 132.522522 15.670233
40213 124.593704 0.300000 132.602737 15.670233
40230 124.616600 0.300000 132.684357 15.670233
40246 124.638947 0.300000 132.764008 15.670233
40263 124.661293 0.300000 132.843658 15.670233
40279 124.683861 0.300000 132.924103 15.670233
40296 124.706360 0.300000 133.004318 15.670233
40313 124.729095 0.300000 133.085358 15.670233
40329 124.751274 0.300000 133.164429 15.670233
40346 124.773781 0.300000 133.244675 15.670233
40363 124.796288 0.300000 133.324905 15.670233
40379 124.819016 0.300000 133.405914 15.670233
40396 124.841309 0.300000 133.485397 15.670233
40413 124.863899 0.300000 133.565933 15.670233
40429 124.886414 0.300000 133.646179 15.670233
40446 124.909103 0.300000 133.727081 15.670233
40463 124.931335 0.300000 133.806335 15.670233
40479 124.953842 0.300000 133.886551 15.670233
40496 124.976418 0.300000 133.967026 15.670233
40513 124.999199 0.300000 134.048233 15.670233
40529 125.021431 0.300000 134.127487 15.670233
40546 125.044029 0.300000 134.208038 15.670233
40563 125.066521 0.300000 134.288208 15.670233
40579 125.089211 0.300000 134.369095 15.670233
40596 125.111816 0.300000 134.449677 15.670233
40613 125.133942 0.300000 134.528534 15.670233
40629 125.156441 0.300000 134.608734 15.670233
40646 125.179184 0.300000 134.689819 15.670233
40663 125.201454 0.300000 134.769211 15.670233
40679 125.224052 0.300000 134.849777 15.670233
40696 125.246613 0.300000 134.930191 15.670233
40713 125.269279 0.300000 135.010986 15.670233
40729 125.291496 0.300000 135.090179 15.670233
40746 125.314003 0.300000 135.170425 15.670233
40763 125.336517 0.300000 135.250671 15.670233
40779 125.359268 0.300000 135.331772 15.670233
40796 125.381531 0.300000 135.411118 15.670233
40813 125.404137 0.300000 135.491699 15.670233
40829 125.426643 0.300000 135.571930 15.670233
40846 125.449333 0.300000 135.652817 15.670233
40863 125.471581 0.300000 135.732117 15.670233
40879 125.494080 0.300000 135.812317 15.670233
40896 125.516594 0.300000 135.892563 15.670233
40913 125.539322 0.300000 135.973587 15.670233
40929 125.561607 0.300000 136.053024 15.670233
40946 125.584724 0.300000 136.135437 15.670233
40963 125.606735 0.300000 136.213882 15.670233
40980 125.629440 0.300000 136.294830 15.670233
40996 125.651657 0.300000 136.374023 15.670233
41013 125.674156 0.300000 136.454224 15.670233
41029 125.696693 0.300000 136.534561 15.670233
41046 125.719421 0.300000 136.615585 15.670233
41063 125.741699 0.300000 136.694992 15.670233
41079 125.764297 0.300000 136.775543 15.670233
41096 125.786804 0.300000 136.855774 15.670233
41113 125.809494 0.300000 136.936646 15.670233
41130 125.832115 0.300000 137.017288 15.670233
41146 125.854019 0.300000 137.096283 15.506277
41163 125.875809 0.300000 137.176651 15.175786
41179 125.897125 0.300000 137.258087 14.676930
41196 125.917130 0.300000 137.338257 14.012808
41213 125.936188 0.300000 137.419647 13.181486
41229 125.953987 0.300000 137.501007 12.348659
41246 125.970749 0.300000 137.583389 11.507994
41263 125.986000 0.300000 137.664246 10.685148
41279 126.000259 0.300000 137.746353 9.851775
41296 126.013542 0.300000 137.830231 9.002610
41313 126.025284 0.300000 137.912018 8.176426
41329 126.035835 0.300000 137.993820 7.351639
41346 126.045540 0.300000 138.079163 6.492746
41363 126.053581 0.300000 138.160004 5.680396
41379 126.060646 0.300000 138.243469 4.842747
41396 126.066422 0.300000 138.325821 4.017278
41413 126.071136 0.300000 138.411179 3.162406
41430 126.074516 0.300000 138.494171 2.331725
41446 126.076691 0.300000 138.577164 1.501554
41463 126.077660 0.300000 138.658997 0.683190
41479 126.077423 0.300000 138.742722 359.845978
41496 126.076103 0.300000 138.825958 359.092010
41513 126.073792 0.300000 138.909698 358.421814
41529 126.070656 0.300000 138.992386 357.834351
41546 126.066780 0.300000 139.075470 357.330048
41563 126.062080 0.300000 139.162460 356.912872
41580 126.057098 0.300000 139.245514 356.578918
41596 126.051971 0.300000 139.325226 356.324829
41613 126.046379 0.300000 139.408325 356.154022
41630 126.040527 0.300000 139.493332 356.068420
41646 126.034889 0.300000 139.575195 356.064880
41663 126.029221 0.300000 139.657486 356.064880
41679 126.023491 0.300000 139.740646 356.064880
41696 126.017754 0.300000 139.823990 356.064880
41713 126.011986 0.300000 139.907715 356.064880
41729 126.006317 0.300000 139.990067 356.064880
41746 126.000565 0.300000 140.073547 356.064880
41763 125.994843 0.298970 140.156677 356.064880
41780 125.989082 0.297816 140.240295 356.064880
41796 125.983414 0.296684 140.322647 356.064880
41813 125.977692 0.295538 140.405762 356.064880
41829 125.971954 0.294392 140.489105 356.064880
41846 125.966179 0.293237 140.572906 356.064880
41863 125.960510 0.292103 140.655182 356.064880
41879 125.954758 0.290953 140.738693 356.064880
41896 125.949036 0.289809 140.821793 356.064880
41913 125.943275 0.288655 140.905411 356.064880
41929 125.937607 0.287523 140.987732 356.064880
41946 125.931854 0.272124 141.071228 356.064880
41963 125.926132 0.254368 141.154282 356.064880
41980 125.920258 0.236129 141.239609 356.064880
41996 125.914696 0.218875 141.320313 356.064880
42013 125.908943 0.201028 141.403793 356.064880
42029 125.903221 0.183259 141.486923 356.064880
42046 125.897461 0.165372 141.570587 356.064880
42063 125.891792 0.147783 141.652878 356.064880
42079 125.886070 0.130014 141.735992 356.064880
42096 125.880325 0.112189 141.819382 356.064880
42113 125.874557 0.100000 141.903091 356.064880
42129 125.868889 0.100000 141.985397 356.064880
42146 125.863129 0.100000 142.068985 356.064880
42163 125.857407 0.100000 142.152039 356.064880
42180 125.851646 0.100000 142.235687 356.064880
42196 125.845978 0.100000 142.318024 356.064880
42213 125.840248 0.100000 142.401245 356.064880
42229 125.834732 0.100000 142.484924 356.232605
42246 125.829720 0.100000 142.568344 356.567474
42263 125.825485 0.100000 142.650742 357.067352
42280 125.822121 0.100000 142.735596 357.737091
42296 125.820030 0.100000 142.818726 358.568665
42313 125.819160 0.100000 142.903244 359.413940
42329 125.819473 0.100000 142.983978 0.221222
42346 125.820999 0.100000 143.067307 1.054714
42363 125.823753 0.100000 143.150818 1.890251
42380 125.827736 0.100000 143.234665 2.729723
42396 125.832840 0.100000 143.316986 3.554527
42413 125.839218 0.100000 143.400253 4.389689
42429 125.846825 0.100000 143.483551 5.226094
42446 125.855545 0.100000 143.566910 5.978683
42463 125.865074 0.100000 143.648773 6.648862
42479 125.875565 0.100000 143.731476 7.235682
42496 125.886795 0.100000 143.814209 7.739007
42513 125.898697 0.100000 143.897324 8.158370
42529 125.910881 0.100000 143.978958 8.495192
42546 125.923637 0.100000 144.061920 8.748077
42563 125.936501 0.100000 144.143967 8.917921
42580 125.949623 0.100000 144.226807 9.003889
42596 125.962524 0.100000 144.308258 9.007385
42613 125.975563 0.100000 144.390564 9.007385
42629 125.988625 0.100000 144.473022 9.007385
42646 126.001762 0.100353 144.555984 9.007385
42663 126.014893 0.102979 144.638901 9.007385
42679 126.027771 0.105555 144.720200 9.007385
42696 126.040848 0.108170 144.802750 9.007385
42713 126.053925 0.110784 144.885315 9.007385
42729 126.066826 0.113366 144.966751 9.007385
42746 126.079903 0.106113 145.049332 9.007385
42763 126.092934 0.100000 145.131577 9.007385
42780 126.106071 0.100000 145.214508 9.007385
42796 126.118980 0.100000 145.296021 9.007385
42813 126.132065 0.100000 145.378632 9.007385
42829 126.145096 0.100000 145.460922 9.007385
42846 126.158211 0.100000 145.543716 9.007385
42863 126.171120 0.100000 145.625214 9.007385
42879 126.184158 0.100000 145.707520 9.007385
42896 126.197227 0.100000 145.790024 9.007385
42913 126.210365 0.100000 145.872986 9.007385
42929 126.223267 0.100000 145.954453 9.007385
42946 126.236420 0.100000 146.037506 9.007385
42963 126.249405 0.100000 146.119492 9.007385
42980 126.262520 0.100000 146.202301 9.007385
42996 126.275642 0.100000 146.285172 9.007385
43013 126.288452 0.100000 146.366028 9.007385
43029 126.301521 0.100000 146.448532 9.007385
43046 126.314667 0.100000 146.531525 9.007385
43063 126.327568 0.100000 146.612976 9.007385
43079 126.340652 0.100000 146.695602 9.007385
43096 126.353691 0.100000 146.777924 9.007385
43113 126.366798 0.100000 146.860703 9.007385
43129 126.379707 0.100000 146.942215 9.007385
43146 126.392746 0.100000 147.024521 9.007385
43163 126.405823 0.100000 147.107086 9.007385
43180 126.418945 0.100000 147.189957 9.007385
43196 126.431877 0.100000 147.271606 9.007385
43213 126.444969 0.100000 147.354248 9.007385
43229 126.457985 0.100000 147.436417 9.007385
43246 126.471107 0.100000 147.519287 9.007385
43263 126.484016 0.100000 147.600769 9.007385
43279 126.497047 0.100000 147.683029 9.007385
43296 126.510124 0.100000 147.765579 9.007385
43313 126.523254 0.100000 147.848480 9.007385
43329 126.536163 0.100000 147.929962 9.007385
43346 126.549469 0.100000 148.013977 9.007385
43363 126.562286 0.100000 148.094925 9.007385
43380 126.575401 0.100000 148.177719 9.007385
43396 126.588310 0.100000 148.259216 9.007385
43413 126.601341 0.100000 148.341507 9.007385
43430 126.614494 0.100000 148.424545 9.007385
43446 126.627563 0.100000 148.507034 9.007385
43463 126.640465 0.100000 148.588470 9.007385
43480 126.653557 0.100000 148.671127 9.007385
43496 126.666588 0.100000 148.753418 9.007385
43513 126.679703 0.100000 148.836197 9.007385
43529 126.692612 0.100000 148.917709 9.007385
43546 126.705658 0.100000 149.000107 9.007385
43563 126.718712 0.100000 149.082535 9.007385
43580 126.731850 0.100000 149.165466 9.007385
43596 126.744766 0.100000 149.247009 9.007385
43613 126.757851 0.100000 149.329605 9.007385
43630 126.770882 0.100000 149.411896 9.007385
43646 126.784004 0.100000 149.494720 9.007385
43663 126.796906 0.100000 149.576187 9.007385
43679 126.809952 0.100000 149.658539 9.007385
43696 126.823265 0.100000 149.742584 9.007385
43713 126.836151 0.100000 149.823944 9.007385
43729 126.849075 0.100000 149.905518 9.007385
43746 126.862152 0.100000 149.988083 9.007385
43763 126.875191 0.100000 150.070419 9.007385
43780 126.888298 0.100000 150.153183 9.007385
43796 126.901207 0.100000 150.234695 9.007385
43813 126.914246 0.100000 150.317032 9.007385
43829 126.927307 0.100000 150.399475 9.007385
43846 126.940445 0.100000 150.482422 9.007385
43863 126.953354 0.100000 150.563919 9.007385
43880 126.966446 0.100000 150.646561 9.007385
43896 126.979485 0.100000 150.728867 9.007385
43913 126.992622 0.100000 150.811798 9.007385
43930 127.005905 0.100000 150.895676 9.007385
43946 127.018547 0.100000 150.975510 9.007385
43963 127.031624 0.100000 151.058060 9.007385
43980 127.044754 0.100000 151.140976 9.007385
43996 127.057655 0.100000 151.222412 9.007385
44013 127.070747 0.100000 151.305084 9.007385
44030 127.084045 0.100000 151.389053 9.007385
44046 127.096893 0.100000 151.470184 9.007385
44063 127.109795 0.100000 151.551651 9.007385
44079 127.122826 0.100000 151.633942 9.007385
44096 127.135895 0.100000 151.716446 9.007385
44113 127.149033 0.100000 151.799377 9.007385
44129 127.161942 0.100000 151.880875 9.007385
44146 127.175034 0.100000 151.963531 9.007385
44163 127.188072 0.100000 152.045837 9.007385
44180 127.201187 0.100000 152.128647 9.007385
44196 127.214088 0.100000 152.210114 9.007385
44213 127.227127 0.100000 152.292419 9.007385
44230 127.240219 0.100000 152.375076 9.007385
44246 127.253342 0.100000 152.457947 9.007385
44263 127.266251 0.100000 152.539444 9.007385
44280 127.279335 0.100000 152.622040 9.007385
44296 127.292381 0.100000 152.704422 9.007385
44313 127.305481 0.100000 152.787155 9.007385
44329 127.318382 0.100000 152.868637 9.007385
44346 127.331436 0.100000 152.951035 9.007385
44363 127.344490 0.100000 153.033478 9.007385
44380 127.357857 0.100000 153.117889 9.007385
44396 127.370529 0.100000 153.197891 9.007385
44413 127.383621 0.100000 153.280548 9.007385
44430 127.396660 0.100000 153.362885 9.007385
44446 127.409904 0.100000 153.446503 9.007385
44463 127.422791 0.100000 153.527878 9.007385
44480 127.435730 0.100000 153.609558 9.007385
44496 127.448814 0.100000 153.692154 9.007385
44513 127.461929 0.100000 153.774979 9.007385
44529 127.474823 0.100000 153.856384 9.007385
44546 127.487938 0.100000 153.939163 9.007385
44563 127.500961 0.100000 154.021393 9.007385
44580 127.514313 0.100000 154.105682 9.007385
44596 127.526978 0.100000 154.185623 9.007385
44613 127.540009 0.100000 154.267914 9.007385
44630 127.553085 0.100000 154.350464 9.007385
44646 127.566223 0.100000 154.433395 9.007385
44663 127.579132 0.100000 154.514893 9.007385
44680 127.592232 0.100000 154.597595 9.007385
44696 127.605255 0.100000 154.679825 9.007385
44713 127.618370 0.100000 154.762619 9.007385
44730 127.631516 0.100000 154.845627 9.007385
44746 127.644310 0.100000 154.926422 9.007385
44763 127.657372 0.100000 155.008911 9.007385
44780 127.670502 0.100000 155.091827 9.007385
44796 127.683434 0.100000 155.173462 9.007385
44813 127.696510 0.100000 155.256012 9.007385
44830 127.709541 0.100000 155.338303 9.007385
44846 127.722656 0.100000 155.421127 9.007385
44863 127.735565 0.100000 155.502625 9.007385
44880 127.748596 0.100000 155.584915 9.007385
44896 127.761665 0.100000 155.667450 9.007385
44913 127.774796 0.100000 155.750351 9.007385
44930 127.788078 0.090777 155.834198 9.007385
44946 127.800804 0.077249 155.914566 9.007385
44963 127.813843 0.063395 155.996872 9.007385
44980 127.826958 0.065392 156.079681 9.007385
44996 127.839867 0.067974 156.161163 9.007385
45013 127.852898 0.070581 156.243423 9.007385
45030 127.865967 0.073193 156.325928 9.007385
45046 127.879105 0.075822 156.408875 9.007385
45063 127.892242 0.078448 156.491837 9.007385
45080 127.905106 0.081022 156.573029 9.007385
45096 127.918144 0.083629 156.655350 9.007385
45113 127.931244 0.086250 156.738083 9.007385
45130 127.944153 0.088831 156.819611 9.007385
45146 127.957191 0.091438 156.901917 9.007385
45163 127.970253 0.096876 156.984375 9.007385
45180 127.983391 0.100000 157.067337 9.007385
45196 127.996300 0.100000 157.148865 9.007385
45213 128.009399 0.100000 157.231537 9.007385
45230 128.022430 0.100000 157.313858 9.007385
45246 128.035568 0.100000 157.396790 9.007385
45263 128.048447 0.100000 157.478134 9.007385
45280 128.061478 0.100000 157.560410 9.007385
45296 128.074539 0.100000 157.642899 9.007385
45313 128.087677 0.100000 157.725815 9.007385
45330 128.100601 0.100000 157.807419 9.007385
45346 128.113693 0.100000 157.890076 9.007385
45363 128.126724 0.100000 157.972382 9.007385
45380 128.139832 0.100000 158.055176 9.007385
45396 128.152725 0.100000 158.136597 9.007385
45413 128.165985 0.100000 158.220352 9.007385
45430 128.178818 0.100000 158.301407 9.007385
45446 128.191956 0.100000 158.384384 9.007385
45463 128.204865 0.100000 158.465851 9.007385
45480 128.217957 0.100000 158.548523 9.007385
45496 128.230988 0.100000 158.630798 9.007385
45513 128.244095 0.100000 158.713593 9.007385
45530 128.257004 0.100000 158.795059 9.007385
45546 128.270050 0.100000 158.877426 9.007385
45563 128.283112 0.100000 158.959930 9.007385
45580 128.296234 0.100000 159.042831 9.007385
45596 128.309143 0.100000 159.124329 9.007385
45613 128.322235 0.100000 159.207001 9.007385
45630 128.335251 0.100000 159.289139 9.007385
45646 128.348389 0.100000 159.372101 9.007385
45663 128.361298 0.100000 159.453629 9.007385
45680 128.374344 0.100000 159.535995 9.007385
45696 128.387405 0.100000 159.618469 9.007385
45713 128.400543 0.100000 159.701431 9.007385
45730 128.413437 0.100000 159.782837 9.007385
45746 128.426529 0.100000 159.865540 9.007385
45763 128.439835 0.100000 159.949509 9.007385
45780 128.452682 0.100000 160.030579 9.007385
45796 128.465591 0.100000 160.112076 9.007385
45813 128.478622 0.100000 160.194382 9.007385
45830 128.491684 0.100000 160.276871 9.007385
45846 128.504822 0.100000 160.359833 9.007385
45863 128.517731 0.100000 160.441376 9.007385
45880 128.530594 0.100000 160.524170 8.839811
45896 128.542892 0.100000 160.606461 8.505825
45913 128.554565 0.100000 160.689484 8.004166
45930 128.565094 0.100000 160.771286 7.337539
45947 128.575333 0.100000 160.857834 6.758070
45963 128.584015 0.100000 160.937149 6.258385
45980 128.592560 0.100000 161.020691 5.842678
45996 128.600464 0.100000 161.102753 5.509416
46013 128.608124 0.100000 161.186157 5.259908
46030 128.615509 0.100000 161.269119 5.093686
46046 128.622833 0.100000 161.352600 5.011265
46063 128.630035 0.100000 161.434769 5.011265
46080 128.637314 0.100000 161.517807 5.011265
46097 128.644745 0.100000 161.602646 5.011265
46113 128.651932 0.100000 161.684677 5.011265
46130 128.659134 0.100000 161.766846 5.011265
46146 128.666443 0.100000 161.850250 5.011265
46163 128.673721 0.100000 161.933258 5.011265
46180 128.681030 0.100000 162.016708 5.011265
46196 128.688232 0.100000 162.098938 5.011265
46213 128.695511 0.100000 162.181946 5.011265
46230 128.702560 0.100000 162.265198 4.844158
46246 128.709152 0.100000 162.348877 4.509180
46263 128.714920 0.100000 162.431305 4.008945
46280 128.719788 0.100000 162.514832 3.341384
46296 128.723785 0.100000 162.598099 2.757180
46313 128.727158 0.100000 162.683762 2.258710
46330 128.729752 0.100000 162.764435 1.840954
46346 128.731934 0.100000 162.847610 1.506397
46363 128.733749 0.100000 162.931137 1.255383
46380 128.735336 0.100000 163.015121 1.088374
46396 128.736771 0.100000 163.097534 1.003797
46413 128.738235 0.100000 163.181427 1.003119
46430 128.739685 0.100000 163.264511 1.003119
46447 128.741180 0.100000 163.349838 1.003119
46463 128.742599 0.100000 163.430801 1.003119
46480 128.744049 0.100000 163.514099 1.003119
46496 128.745499 0.100000 163.597427 1.003119
46513 128.746964 0.100000 163.681549 1.003119
46530 128.748413 0.100000 163.764252 1.003119
46546 128.749878 0.100000 163.847824 1.003119
46563 128.751328 0.100000 163.930908 1.003119
46580 128.752792 0.100000 164.014893 1.003119
46596 128.754227 0.100000 164.097504 1.003119
46613 128.755676 0.100000 164.180740 1.003119
46630 128.757126 0.100000 164.264099 1.003119
46646 128.758591 0.100000 164.348206 1.003119
46663 128.760040 0.100000 164.430923 1.003119
46680 128.761490 0.100000 164.514359 1.003119
46696 128.762939 0.100000 164.597549 1.003119
46713 128.764404 0.100000 164.681519 1.003119
46730 128.765839 0.100000 164.763992 1.003119
46746 128.767288 0.100000 164.847321 1.003119
46763 128.768738 0.100000 164.930634 1.003119
46780 128.770233 0.100000 165.016281 1.003119
46796 128.771652 0.100000 165.097473 1.003119
46813 128.773102 0.100000 165.180939 1.003119
46830 128.774551 0.100000 165.264099 1.003119
46846 128.776016 0.100000 165.348129 1.003119
46863 128.777451 0.100000 165.430618 1.003119
46880 128.778900 0.100000 165.513916 1.003119
46896 128.780350 0.100000 165.597229 1.003119
46913 128.781815 0.100000 165.681473 1.003119
46930 128.783249 0.100000 165.764084 1.003119
46947 128.784744 0.100000 165.849716 1.003119
46963 128.786163 0.100000 165.930954 1.003119
46980 128.787628 0.100000 166.014740 1.003119
46996 128.789063 0.100000 166.097183 1.003119
47013 128.790512 0.100000 166.180496 1.003119
47030 128.791962 0.100000 166.263840 1.003119
47046 128.793427 0.100000 166.347992 1.003119
47063 128.794876 0.100000 166.430695 1.003119
47080 128.796326 0.100000 166.514175 1.003119
47096 128.797775 0.100000 166.597549 1.003119
47113 128.799240 0.100000 166.681290 1.003119
47130 128.800705 0.100000 166.765244 1.003119
47146 128.802139 0.100000 166.847122 1.003119
47163 128.803589 0.100000 166.930435 1.003119
47180 128.805054 0.100000 167.014572 1.003119
47196 128.806503 0.100000 167.097305 1.003119
47213 128.807953 0.100000 167.180725 1.003119
47230 128.809402 0.100000 167.264038 1.003119
47246 128.810867 0.100000 167.347885 1.003119
47263 128.812302 0.100000 167.430389 1.003119
47280 128.813751 0.100000 167.513809 1.003119
47296 128.815201 0.100000 167.597046 1.003119
47313 128.816666 0.100000 167.681198 1.003119
47330 128.818115 0.100000 167.764374 1.003119
47346 128.819565 0.100000 167.847351 1.003119
47363 128.821014 0.100000 167.930511 1.003119
47380 128.822479 0.100000 168.014771 1.003119
47396 128.823914 0.100000 168.097015 1.003119
47413 128.825363 0.100000 168.180313 1.003119
47431 128.826889 0.100000 168.267899 1.003119
47447 128.828308 0.100000 168.348755 1.003119
47463 128.829773 0.100000 168.432251 1.003119
47480 128.831207 0.100000 168.514023 1.003119
47496 128.832657 0.100000 168.597351 1.003119
47513 128.834122 0.100000 168.681107 1.003119
47530 128.835556 0.100000 168.763580 1.003119
47546 128.837006 0.100000 168.846954 1.003119
47563 128.838455 0.100000 168.930222 1.003119
47580 128.839920 0.100000 169.014450 1.003119
47596 128.841370 0.100000 169.097076 1.003119
47613 128.842819 0.100000 169.180557 1.003119
47630 128.844269 0.100000 169.263916 1.003119
47647 128.845734 0.100000 169.347885 1.003119
47663 128.847168 0.100000 169.430206 1.003119
47680 128.848618 0.100000 169.513489 1.003119
47696 128.850067 0.100000 169.596832 1.003119
47713 128.851532 0.100000 169.680939 1.003119
47730 128.852982 0.100000 169.763657 1.003119
47746 128.854446 0.100000 169.847198 1.003119
47763 128.855911 0.100000 169.930847 1.003119
47780 128.857361 0.100000 170.014328 1.003119
47797 128.858826 0.100000 170.098282 1.003119
47813 128.860260 0.100000 170.180099 1.003119
47830 128.861710 0.100000 170.263504 1.003119
47847 128.863174 0.100000 170.347687 1.003119
47863 128.864624 0.100000 170.430389 1.003119
47880 128.866074 0.100000 170.513794 1.003119
47896 128.867523 0.100000 170.597137 1.003119
47913 128.868988 0.100000 170.680893 1.003119
47930 128.870422 0.100000 170.763382 1.003119
47947 128.871948 0.100000 170.850845 1.003119
47963 128.873337 0.100000 170.930069 1.003119
47980 128.874802 0.100000 171.014236 1.003119
47996 128.876251 0.100000 171.096985 1.003119
48013 128.877701 0.100000 171.180374 1.003119
48030 128.879150 0.100000 171.263702 1.003119
48047 128.880615 0.100000 171.347549 1.003119
48063 128.882050 0.100000 171.430023 1.003119
48080 128.883499 0.100000 171.513351 1.003119
48096 128.884949 0.100000 171.596634 1.003119
48113 128.886414 0.100000 171.680771 1.003119
48130 128.887863 0.100000 171.763458 1.003119
48147 128.889343 0.100000 171.848404 1.003119
48163 128.890778 0.100000 171.930313 1.003119
48180 128.892242 0.102812 172.014069 1.003119
48196 128.893677 0.119317 172.096588 1.003119
48213 128.895126 0.135975 172.179886 1.003119
48230 128.896576 0.152644 172.263229 1.003119
48247 128.898041 0.169472 172.347366 1.003119
48263 128.899490 0.186009 172.430054 1.003119
48280 128.900940 0.202705 172.513535 1.003119
48296 128.902405 0.219413 172.597076 1.003119
48313 128.903870 0.236144 172.680725 1.003119
48330 128.905304 0.252646 172.763229 1.003119
48346 128.906754 0.269303 172.846527 1.003119
48363 128.908203 0.285968 172.929855 1.003119
48380 128.909668 0.300000 173.014023 1.003119
48396 128.911118 0.300000 173.096756 1.003119
48413 128.912567 0.300000 173.180237 1.003119
48430 128.914017 0.300000 173.263336 1.003119
48447 128.915482 0.300000 173.347336 1.003119
48463 128.916916 0.300000 173.429855 1.003119
48480 128.918396 0.300000 173.514648 1.003119
48496 128.919830 0.300000 173.596451 1.003119
48513 128.921295 0.300000 173.680603 1.003119
48530 128.922745 0.300000 173.763275 1.003119
48546 128.924210 0.300000 173.847046 1.003119
48563 128.925659 0.300000 173.930130 1.003119
48580 128.927124 0.300000 174.013992 1.003119
48596 128.928558 0.300000 174.096466 1.003119
48613 128.930008 0.300000 174.179764 1.003119
48630 128.931458 0.300000 174.263046 1.003119
48647 128.932922 0.300000 174.347229 1.003119
48663 128.934372 0.300000 174.429916 1.003119
48680 128.935822 0.300000 174.513367 1.003119
48696 128.937271 0.300000 174.596725 1.003119
48713 128.938736 0.300000 174.680542 1.003119
48730 128.940170 0.300000 174.763016 1.003119
48746 128.941620 0.300000 174.846329 1.003119
48763 128.943069 0.300000 174.929657 1.003119
48780 128.944534 0.300000 175.013840 1.003119
48796 128.945984 0.300000 175.096527 1.003119
48813 128.947433 0.300000 175.179977 1.003119
48830 128.948914 0.300000 175.265152 1.003119
48847 128.950348 0.300000 175.347137 1.003119
48863 128.951782 0.300000 175.429626 1.003119
48880 128.953232 0.300000 175.512939 1.003119
48896 128.954681 0.300000 175.596252 1.003119
48913 128.956146 0.300000 175.680374 1.003119
48930 128.957596 0.300000 175.763153 1.003119
48947 128.959106 0.300000 175.849655 1.003119
48963 128.960510 0.300000 175.929947 1.003119
48980 128.961975 0.300000 176.013809 1.003119
48996 128.963409 0.300000 176.096222 1.003119
49013 128.964859 0.300000 176.179535 1.003119
49030 128.966309 0.300000 176.262848 1.003119
49047 128.967773 0.300000 176.347015 1.003119
49063 128.969223 0.300000 176.429840 1.003119
49080 128.970673 0.300000 176.513229 1.003119
49096 128.972122 0.300000 176.596527 1.003119
49113 128.973587 0.300000 176.680328 1.003119
49130 128.975021 0.300000 176.762802 1.003119
49146 128.976471 0.300000 176.846130 1.003119
49163 128.977951 0.300000 176.931000 1.003119
49180 128.979385 0.302715 177.013580 1.003119
49196 128.980835 0.319256 177.096283 1.003119
49213 128.982285 0.335948 177.179749 1.003119
49230 128.983734 0.352606 177.263046 1.003119
49247 128.985199 0.369380 177.346909 1.003119
49263 128.986633 0.385877 177.429398 1.003119
49280 128.988083 0.402546 177.512741 1.003119
49296 128.989548 0.419258 177.596298 1.003119
49313 128.991013 0.436071 177.680374 1.003119
49330 128.992447 0.452581 177.762909 1.003119
49347 128.993942 0.469744 177.848724 1.003119
49363 128.995361 0.485985 177.929947 1.003119
49380 128.996826 0.499364 178.013611 1.003119
49396 128.998260 0.499652 178.096130 1.003119
49413 128.999710 0.499942 178.179352 1.003119
49430 129.001221 0.500000 178.265930 1.003119
49447 129.002640 0.500000 178.347122 1.003119
49463 129.004074 0.500000 178.429321 1.003119
49480 129.005539 0.500000 178.513031 1.003119
49497 129.007019 0.500000 178.597900 1.003119
49513 129.008453 0.500000 178.680115 1.003119
49530 129.009933 0.500000 178.764771 1.003119
49547 129.011353 0.500000 178.846405 1.003119
49563 129.012802 0.500000 178.929291 1.003119
49580 129.014267 0.500000 179.013458 1.003119
49596 129.015717 0.500000 179.096069 1.003119
49613 129.017181 0.500000 179.179626 1.003119
49630 129.018387 0.500000 179.262939 0.836468
49647 129.019119 0.500000 179.346817 0.502066
49663 129.019119 0.500000 179.429214 0.002863
49680 129.018509 0.500000 179.512817 359.587280
49696 129.017426 0.500000 179.595871 359.254761
49713 129.015961 0.500000 179.680023 359.006409
49730 129.014297 0.500000 179.762512 358.840546
49747 129.012466 0.500000 179.846222 358.758392
49763 129.010651 0.500000 179.929626 358.758392
49780 129.008820 0.499100 180.013306 358.758392
49796 129.007019 0.482231 180.095856 358.758392
49813 129.005203 0.465170 180.179337 358.758392
49830 129.003387 0.448188 180.262436 358.758392
49847 129.001511 0.430663 180.348190 358.758392
49863 128.999741 0.414123 180.429123 358.758392
49880 128.997910 0.397036 180.512741 358.758392
49897 128.996094 0.380010 180.596054 358.758392
49913 128.994263 0.362882 180.679855 358.758392
49930 128.992462 0.346031 180.762329 358.758392
49947 128.990631 0.328815 180.846558 358.758392
49963 128.988831 0.311969 180.928986 358.758392
49980 128.987000 0.302630 181.013168 358.758392
49996 128.985199 0.319124 181.095627 358.758392
50013 128.983368 0.335878 181.179398 358.758392
50030 128.981552 0.352524 181.262634 358.758392
50047 128.979721 0.369282 181.346420 358.758392
50063 128.977921 0.385776 181.428894 358.758392
50080 128.976105 0.402480 181.512405 358.758392
50096 128.974289 0.419106 181.595551 358.758392
50113 128.972458 0.435927 181.679657 358.758392
50130 128.970657 0.452441 181.762222 358.758392
50147 128.968826 0.469164 181.845825 358.758392
50163 128.967010 0.485817 181.929108 358.758392
50180 128.965149 0.500000 182.014450 358.758392
50196 128.963379 0.500000 182.095413 358.758392
50213 128.961563 0.500000 182.178894 358.758392
50230 128.959747 0.500000 182.262024 358.758392
50247 128.957916 0.500000 182.346176 358.758392
50263 128.956116 0.500000 182.428680 358.758392
50280 128.954285 0.500000 182.512329 358.758392
50297 128.952469 0.500000 182.595627 358.758392
50313 128.950638 0.500000 182.679581 358.758392
50330 128.948837 0.500000 182.761963 358.758392
50347 128.947021 0.500000 182.845474 358.758392
50363 128.945206 0.500000 182.928604 358.758392
50380 128.943375 0.488673 183.012711 358.758392
50396 128.941574 0.488314 183.095200 358.758392
50413 128.939743 0.487948 183.178864 358.758392
50430 128.937927 0.487584 183.262207 358.758392
50447 128.936096 0.487218 183.345993 358.758392
50463 128.934540 0.486907 183.428528 358.923492
50480 128.933441 0.486687 183.512054 359.255646
50496 128.933075 0.486615 183.595261 359.754211
50513 128.933685 0.486736 183.679367 0.420990
50530 128.935165 0.487031 183.764038 1.003094
50547 128.937302 0.487459 183.845596 1.503610
50563 128.940094 0.488018 183.928833 1.920838
50580 128.943390 0.500000 184.012589 2.254249
50596 128.946991 0.500000 184.095016 2.505159
50613 128.950882 0.500000 184.178436 2.672561
50630 128.954865 0.500000 184.261459 2.756845
50647 128.958908 0.500000 184.345551 2.756948
50663 128.962875 0.500000 184.428009 2.756948
50680 128.966888 0.500000 184.511536 2.756948
50697 128.970886 0.500000 184.594772 2.756948
50713 128.974915 0.500000 184.678528 2.756948
50730 128.978867 0.500000 184.760910 2.756948
50747 128.982880 0.500000 184.844437 2.756948
50763 128.986862 0.500000 184.927399 2.756948
50780 128.990906 0.497708 185.011475 2.756948
50796 128.994858 0.481226 185.093872 2.756948
50813 128.998871 0.464514 185.177444 2.756948
50830 129.002869 0.447857 185.260712 2.756948
50847 129.006897 0.431106 185.344452 2.756948
50863 129.010681 0.414309 185.428436 2.588798
50880 129.013901 0.397936 185.510315 2.256760
50897 129.016434 0.381313 185.593414 1.758440
50913 129.018036 0.364485 185.677567 1.091786
50930 129.018753 0.347964 185.760178 0.507750
50947 129.018753 0.330843 185.845779 0.009314
50963 129.018173 0.314544 185.927261 359.592377
50980 129.017075 0.300000 186.011154 359.259308
50997 129.015640 0.284425 186.093521 359.008636
51013 129.013947 0.267387 186.177002 358.841461
51030 129.012131 0.250409 186.260086 358.757385
51047 129.010300 0.233213 186.344238 358.757385
51063 129.008499 0.216358 186.426712 358.757385
51080 129.006668 0.199257 186.510376 358.757385
51097 129.004852 0.182223 186.593735 358.757385
51113 129.003021 0.165107 186.677490 358.757385
51130 129.001221 0.148248 186.759979 358.757385
51147 128.999405 0.131301 186.843491 358.757385
51163 128.997589 0.114679 186.926605 358.757385
51180 128.995758 0.100847 187.010757 358.757385
51197 128.993927 0.101214 187.094910 358.757385
51213 128.992142 0.101570 187.176941 358.757385
51230 128.990311 0.101936 187.260544 358.757385
51247 128.988495 0.102300 187.344070 358.757385
51263 128.986694 0.102660 187.426544 358.757385
51280 128.984879 0.103024 187.510071 358.757385
51297 128.983063 0.103388 187.593170 358.757385
51313 128.981232 0.103753 187.677307 358.757385
51330 128.979431 0.104113 187.759918 358.757385
51347 128.977600 0.104479 187.843536 358.757385
51363 128.975784 0.104843 187.926773 358.757385
51380 128.973953 0.107333 188.010605 358.757385
51397 128.972153 0.124188 188.093079 358.757385
51413 128.970337 0.141249 188.176575 358.757385
51430 128.968521 0.158235 188.259689 358.757385
51447 128.966690 0.175439 188.343872 358.757385
51463 128.964890 0.192290 188.426331 358.757385
51480 128.963058 0.209395 188.510025 358.757385
51497 128.961197 0.226832 188.595337 358.757385
51513 128.959412 0.243546 188.677139 358.757385
51530 128.957611 0.260401 188.759613 358.757385
51547 128.955750 0.277825 188.844864 358.757385
51563 128.953979 0.294468 188.926315 358.757385
51580 128.952148 0.311650 189.010391 358.757385
51597 128.950348 0.328515 189.092911 358.757385
51613 128.948517 0.345606 189.176544 358.757385
51630 128.946701 0.362644 189.259903 358.757385
51647 128.944870 0.379760 189.343658 358.757385
51663 128.943069 0.396619 189.426163 358.757385
51680 128.941254 0.413681 189.509644 358.757385
51697 128.939438 0.430673 189.592789 358.757385
51713 128.937607 0.447867 189.676926 358.757385
51730 128.935806 0.464756 189.759567 358.757385
51747 128.933990 0.481825 189.843109 358.757385
51763 128.932175 0.498850 189.926407 358.757385
51780 128.930344 0.515977 190.010239 358.757385
51797 128.928543 0.532834 190.092728 358.757385
51813 128.926727 0.549907 190.176270 358.757385
51830 128.924911 0.566885 190.259354 358.757385
51847 128.923080 0.584086 190.343506 358.757385
51863 128.921280 0.600941 190.425995 358.757385
51880 128.919418 0.618397 190.511414 358.757385
51897 128.917633 0.635071 190.593002 358.757385
51913 128.915802 0.652196 190.676788 358.757385
51930 128.914001 0.669055 190.759277 358.757385
51947 128.912170 0.686176 190.843048 358.757385
51963 128.910355 0.703116 190.925934 358.757385
51980 128.908524 0.718295 191.010147 358.757385
51997 128.906723 0.718654 191.092560 358.757385
52013 128.904892 0.719022 191.176224 358.757385
52030 128.903076 0.719384 191.259537 358.757385
52047 128.901245 0.719752 191.343323 358.757385
52063 128.899445 0.720112 191.425827 358.757385
52080 128.897629 0.720473 191.509308 358.757385
52097 128.895813 0.720837 191.592453 358.757385
52113 128.893982 0.721203 191.676605 358.757385
52130 128.892181 0.721563 191.759064 358.757385
52147 128.890350 0.721931 191.842728 358.757385
52163 128.888535 0.714791 191.926056 358.757385
52180 128.886703 0.701966 192.009827 358.757385
52197 128.884903 0.718472 192.092346 358.757385
52213 128.883087 0.735176 192.175873 358.757385
52230 128.881241 0.752109 192.260544 358.757385
52247 128.879440 0.768630 192.343140 358.757385
52263 128.877640 0.785144 192.425720 358.757385
52280 128.875809 0.801859 192.509293 358.757385
52297 128.873993 0.818528 192.592636 358.757385
52313 128.872162 0.835283 192.676407 358.757385
52330 128.870361 0.851781 192.758896 358.757385
52347 128.868530 0.868520 192.842590 358.757385
52363 128.866714 0.873345 192.925537 358.757385
52380 128.864883 0.872977 193.009689 358.757385
52397 128.863083 0.872617 193.092163 358.757385
52413 128.861252 0.872251 193.175812 358.757385
52430 128.859436 0.871887 193.259109 358.757385
52447 128.857590 0.871520 193.343521 358.757385
52463 128.855804 0.871162 193.425461 358.757385
52480 128.853989 0.870798 193.508972 358.757385
52497 128.852173 0.870436 193.592056 358.757385
52513 128.850342 0.870068 193.676193 358.757385
52530 128.848541 0.869709 193.758713 358.757385
52547 128.846710 0.869343 193.842529 358.757385
52564 128.844864 0.868973 193.927414 358.757385
52580 128.843079 0.868617 194.009537 358.757385
52597 128.841278 0.868257 194.091995 358.757385
52613 128.839462 0.867893 194.175522 358.757385
52630 128.837646 0.867530 194.258575 358.757385
52647 128.835815 0.867164 194.342743 358.757385
52663 128.834015 0.866804 194.425232 358.757385
52680 128.832184 0.866438 194.508896 358.757385
52697 128.830353 0.866072 194.592606 358.757385
52713 128.828537 0.865709 194.676086 358.757385
52730 128.826736 0.865349 194.758560 358.757385
52747 128.824921 0.864985 194.842026 358.757385
52763 128.823105 0.864621 194.925461 358.757385
52780 128.821274 0.862387 195.009338 358.757385
52797 128.819473 0.845482 195.092056 358.757385
52813 128.817657 0.828429 195.175507 358.757385
52830 128.815842 0.811415 195.258759 358.757385
52847 128.814011 0.794270 195.342651 358.757385
52863 128.812210 0.777415 195.425125 358.757385
52880 128.810394 0.760358 195.508591 358.757385
52897 128.808548 0.743076 195.593155 358.757385
52913 128.806747 0.726184 195.675812 358.757385
52930 128.804947 0.709327 195.758301 358.757385
52947 128.803116 0.700000 195.842209 358.757385
52963 128.801300 0.700000 195.925323 358.757385
52980 128.799469 0.700000 196.009155 358.757385
52997 128.797668 0.700000 196.091629 358.757385
53013 128.795853 0.700000 196.175110 358.757385
53030 128.794037 0.700000 196.258209 358.757385
53047 128.792206 0.700000 196.342377 358.757385
53063 128.790405 0.700000 196.424850 358.757385
53080 128.788574 0.700000 196.508499 358.757385
53097 128.786758 0.700000 196.591858 358.757385
53113 128.784927 0.700000 196.675629 358.757385
53130 128.783127 0.700000 196.758148 358.757385
53147 128.781311 0.700000 196.841675 358.757385
53163 128.779495 0.700000 196.924759 358.757385
53180 128.777664 0.700000 197.008911 358.757385
53197 128.775864 0.700000 197.091415 358.757385
53213 128.774033 0.700000 197.175049 358.757385
53230 128.772217 0.700000 197.258377 358.757385
53247 128.770355 0.700000 197.343689 358.757385
53263 128.768585 0.700000 197.424683 358.757385
53280 128.766769 0.700000 197.508163 358.757385
53297 128.764954 0.700000 197.591324 358.757385
53313 128.763123 0.700000 197.675430 358.757385
53330 128.761322 0.700000 197.757980 358.757385
53347 128.759491 0.700000 197.841599 358.757385
53363 128.757675 0.700000 197.925018 358.757385
53380 128.755844 0.700000 198.008759 358.757385
53397 128.754044 0.700000 198.091263 358.757385
53413 128.752228 0.700000 198.174713 358.757385
53430 128.750412 0.700000 198.257889 358.757385
53447 128.748581 0.700000 198.342010 358.757385
53463 128.746780 0.700000 198.424530 358.757385
53480 128.744949 0.700000 198.508133 358.757385
53497 128.743134 0.700000 198.591476 358.757385
53513 128.741302 0.700000 198.675262 358.757385
53530 128.739502 0.700000 198.757767 358.757385
53547 128.737686 0.700000 198.841293 358.757385
53563 128.735870 0.700000 198.924438 358.757385
53580 128.734009 0.700000 199.009995 358.757385
53597 128.732239 0.700000 199.091034 358.757385
53613 128.730408 0.700000 199.174728 358.757385
53630 128.728592 0.700000 199.257996 358.757385
53647 128.726761 0.700000 199.341904 358.757385
53663 128.724960 0.700000 199.424393 358.757385
53680 128.723145 0.700000 199.507828 358.757385
53697 128.721329 0.700000 199.590942 358.757385
53713 128.719498 0.700000 199.675064 358.757385
53730 128.717697 0.692014 199.757629 358.757385
53747 128.715866 0.674917 199.841278 358.757385
53763 128.714050 0.657903 199.924545 358.757385
53780 128.712219 0.642443 200.008362 358.757385
53797 128.710419 0.642084 200.090851 358.757385
53813 128.708603 0.641722 200.174347 358.757385
53830 128.706787 0.641358 200.257477 358.757385
53847 128.704956 0.640992 200.341614 358.757385
53863 128.703156 0.640632 200.424194 358.757385
53880 128.701324 0.640265 200.507813 358.757385
53897 128.699509 0.639903 200.591187 358.757385
53914 128.697678 0.639535 200.675003 358.757385
53931 128.695816 0.639163 200.760208 358.757385
53947 128.694000 0.638800 200.843185 358.757385
53963 128.692230 0.638445 200.924240 358.757385
53980 128.690399 0.636422 201.008286 358.757385
53997 128.688599 0.619571 201.090744 358.757385
54013 128.686768 0.602470 201.174408 358.757385
54030 128.684952 0.585456 201.257660 358.757385
54047 128.683121 0.568327 201.341476 358.757385
54063 128.681320 0.551433 201.424149 358.757385
54080 128.679504 0.534443 201.507294 358.757385
54097 128.677689 0.517421 201.590591 358.757385
54114 128.675781 0.500000 201.677750 358.757385
54130 128.674042 0.500000 201.757385 358.757385
54147 128.672211 0.500000 201.840988 358.757385
54163 128.670395 0.500000 201.924225 358.757385
54180 128.668564 0.500000 202.008026 358.757385
54197 128.666763 0.500000 202.090500 358.757385
54213 128.664948 0.500000 202.173798 358.757385
54230 128.663132 0.500000 202.257309 358.757385
54247 128.661301 0.500000 202.341309 358.757385
54264 128.659470 0.500000 202.425262 358.757385
54280 128.657684 0.500000 202.507278 358.757385
54297 128.655869 0.500000 202.590591 358.757385
54314 128.654037 0.500000 202.674530 358.757385
54330 128.652237 0.500000 202.757034 358.757385
54347 128.650421 0.500000 202.840363 358.757385
54363 128.648605 0.500000 202.923874 358.757385
54380 128.646774 0.500000 203.008041 358.757385
54397 128.644974 0.500000 203.090485 358.757385
54413 128.643143 0.500000 203.174088 358.757385
54430 128.641327 0.500000 203.257187 358.757385
54447 128.639496 0.500000 203.341141 358.757385
54463 128.637695 0.500000 203.423630 358.757385
54480 128.635864 0.500000 203.507416 358.757385
54497 128.634048 0.500000 203.590576 358.757385
54514 128.632217 0.500000 203.674484 358.757385
54530 128.630417 0.500000 203.756897 358.757385
54547 128.628586 0.500000 203.840729 358.757385
54563 128.626770 0.500000 203.923950 358.757385
54581 128.624893 0.500000 204.009979 358.757385
54597 128.623108 0.500000 204.091797 358.757385
54613 128.621323 0.500000 204.173477 358.757385
54630 128.619507 0.500000 204.256775 358.757385
54647 128.617676 0.500000 204.340973 358.757385
54663 128.615875 0.500000 204.423416 358.757385
54680 128.614044 0.500000 204.507202 358.757385
54697 128.612228 0.500000 204.590439 358.757385
54714 128.610397 0.500000 204.674194 358.757385
54731 128.608551 0.500000 204.759003 358.757385
54747 128.606781 0.500000 204.840149 358.757385
54763 128.604965 0.500000 204.923340 358.757385
54780 128.603134 0.500000 205.007462 358.757385
54797 128.601334 0.500000 205.089951 358.757385
54813 128.599518 0.500000 205.173431 358.757385
54830 128.597702 0.500000 205.256943 358.757385
54847 128.595871 0.500000 205.340897 358.757385
54863 128.594070 0.500000 205.423233 358.757385
54880 128.592255 0.500000 205.506516 358.757385
54897 128.590439 0.500000 205.589859 358.757385
54914 128.588608 0.500000 205.674072 358.757385
54930 128.586807 0.500000 205.756516 358.757385
54949 128.584793 0.500000 205.848892 358.757385
54964 128.583145 0.500000 205.924759 358.757385
54980 128.581329 0.500000 206.007690 358.757385
54997 128.579529 0.500000 206.089859 358.757385
55013 128.577713 0.500000 206.173065 358.757385
55030 128.575897 0.500000 206.256378 358.757385
55047 128.574066 0.500000 206.340561 358.757385
55063 128.572266 0.500000 206.423019 358.757385
55080 128.570435 0.500000 206.506668 358.757385
55097 128.568619 0.500000 206.590027 358.757385
55114 128.566788 0.500000 206.673981 358.757385
55130 128.564987 0.500000 206.756378 358.757385
55147 128.563171 0.500000 206.839661 358.757385
55163 128.561356 0.500000 206.922958 358.757385
55180 128.559525 0.500000 207.007065 358.757385
55197 128.557724 0.500000 207.089569 358.757385
55213 128.555893 0.500000 207.173218 358.757385
55230 128.554077 0.500000 207.256516 358.757385
55247 128.552246 0.500000 207.340591 358.757385
55263 128.550446 0.500000 207.422836 358.757385
55280 128.548599 0.500000 207.507645 358.757385
55297 128.546814 0.500000 207.589478 358.757385
55314 128.544983 0.500000 207.673599 358.757385
55330 128.543182 0.500000 207.756088 358.757385
55347 128.541351 0.500000 207.839737 358.757385
55363 128.539536 0.500000 207.923050 358.757385
55381 128.537659 0.500000 208.009338 358.757385
55397 128.535904 0.500000 208.089478 358.757385
55413 128.534088 0.500000 208.172745 358.757385
55430 128.532272 0.500000 208.256027 358.757385
55447 128.530441 0.500000 208.340240 358.757385
55463 128.528641 0.500000 208.422668 358.757385
55480 128.526810 0.500000 208.506454 358.757385
55497 128.524994 0.500000 208.589798 358.757385
55514 128.523117 0.500000 208.675842 358.757385
55530 128.521362 0.500000 208.756073 358.757385
55547 128.519547 0.500000 208.839310 358.757385
55563 128.517731 0.500000 208.922562 358.757385
55580 128.515900 0.498662 209.006699 358.757385
55597 128.514099 0.482152 209.089249 358.757385
55614 128.512268 0.465394 209.173035 358.757385
55631 128.510406 0.448367 209.258163 358.757385
55647 128.508621 0.432001 209.339996 358.757385
55663 128.506821 0.415507 209.422470 358.757385
55680 128.505005 0.398850 209.505753 358.757385
55697 128.503189 0.382181 209.589096 358.757385
55714 128.501358 0.365349 209.673264 358.757385
55730 128.499557 0.348855 209.755737 358.757385
55747 128.497726 0.332116 209.839417 358.757385
55764 128.495911 0.315458 209.922714 358.757385
55780 128.494080 0.300000 210.006485 358.757385
55797 128.492279 0.300000 210.089035 358.757385
55813 128.490463 0.300000 210.172318 358.757385
55830 128.488647 0.300000 210.255630 358.757385
55847 128.486816 0.300000 210.339752 358.757385
55863 128.485016 0.300000 210.422287 358.757385
55880 128.483185 0.300000 210.505966 358.757385
55897 128.481369 0.300000 210.589462 358.757385
55914 128.479538 0.300000 210.673065 358.757385
55930 128.477737 0.300000 210.755539 358.757385
55948 128.475830 0.300000 210.842667 358.757385
55964 128.474060 0.300000 210.923782 358.757385
55980 128.472260 0.300000 211.006485 358.757385
55997 128.470459 0.300000 211.088867 358.757385
56014 128.468628 0.300000 211.172485 358.757385
56030 128.466812 0.300000 211.255981 358.757385
56047 128.464981 0.300000 211.339584 358.757385
56063 128.463181 0.300000 211.422073 358.757385
56080 128.461365 0.300000 211.505371 358.757385
56097 128.459549 0.300000 211.588730 358.757385
56114 128.457718 0.300000 211.672836 358.757385
56130 128.455917 0.300000 211.755371 358.757385
56147 128.454086 0.300000 211.839020 358.757385
56164 128.452271 0.300000 211.922546 358.757385
56180 128.450439 0.300000 212.006149 358.757385
56197 128.448639 0.300000 212.088638 358.757385
56213 128.446823 0.300000 212.171951 358.757385
56230 128.445007 0.300000 212.255249 358.757385
56247 128.443176 0.300000 212.339401 358.757385
56263 128.441376 0.300000 212.421906 358.757385
56280 128.439545 0.300000 212.505554 358.757385
56297 128.437683 0.300000 212.590652 358.757385
56314 128.435898 0.300000 212.672668 358.757385
56330 128.434097 0.300000 212.755173 358.757385
56347 128.432281 0.300000 212.838547 358.757385
56363 128.430466 0.300000 212.921829 358.757385
56380 128.428635 0.300000 213.005981 358.757385
56397 128.426834 0.300000 213.088577 358.757385
56414 128.425018 0.300000 213.172134 358.757385
56430 128.423203 0.300000 213.255463 358.757385
56447 128.421371 0.300000 213.339340 358.757385
56463 128.419571 0.300000 213.421753 358.757385
56480 128.417755 0.300000 213.505051 358.757385
56497 128.415939 0.300000 213.588394 358.757385
56514 128.414108 0.300000 213.672638 358.757385
56530 128.412308 0.300000 213.755020 358.757385
56547 128.410477 0.300000 213.838791 358.757385
56564 128.408661 0.300000 213.922028 358.757385
56580 128.406830 0.300000 214.005814 358.757385
56597 128.405029 0.300000 214.088318 358.757385
56613 128.403214 0.300000 214.171600 358.757385
56630 128.401398 0.300000 214.254959 358.757385
56647 128.399521 0.300000 214.340866 358.757385
56663 128.397766 0.300000 214.421631 358.757385
56680 128.395935 0.300000 214.505219 358.757385
56697 128.394104 0.300000 214.588821 358.757385
56714 128.392288 0.300000 214.672363 358.757385
56730 128.390488 0.300000 214.754837 358.757385
56747 128.388672 0.300000 214.838165 358.757385
56763 128.386856 0.300000 214.921463 358.757385
56780 128.385025 0.300000 215.005600 358.757385
56797 128.383224 0.300000 215.088104 358.757385
56814 128.381393 0.300000 215.171753 358.757385
56830 128.379578 0.300000 215.255234 358.757385
56847 128.377747 0.300000 215.338913 358.757385
56863 128.375946 0.300000 215.421402 358.757385
56880 128.374130 0.300000 215.504730 358.757385
56897 128.372314 0.300000 215.588043 358.757385
56914 128.370483 0.300000 215.672180 358.757385
56930 128.368683 0.300000 215.754654 358.757385
56947 128.366852 0.300000 215.838623 358.757385
56964 128.365036 0.300000 215.921692 358.757385
56981 128.363174 0.300000 216.007034 358.757385
56997 128.361404 0.300000 216.087936 358.757385
57014 128.359589 0.300000 216.171265 358.757385
57030 128.357773 0.300000 216.254562 358.757385
57047 128.355927 0.300000 216.338852 358.757385
57064 128.354126 0.300000 216.421204 358.757385
57080 128.352295 0.300000 216.504913 358.757385
57097 128.350479 0.300000 216.588196 358.757385
57114 128.348648 0.300000 216.671982 358.757385
57130 128.346848 0.300000 216.754486 358.757385
57147 128.345032 0.300000 216.837814 358.757385
57164 128.343216 0.300000 216.921112 358.757385
57180 128.341385 0.300000 217.005249 358.757385
57197 128.339584 0.300000 217.087738 358.757385
57214 128.337753 0.300000 217.171387 358.757385
57230 128.335938 0.300000 217.254700 358.757385
57247 128.334106 0.300000 217.338501 358.757385
57264 128.332306 0.300000 217.421005 358.757385
57280 128.330490 0.300000 217.504303 358.757385
57297 128.328674 0.300000 217.587646 358.757385
57314 128.326843 0.300000 217.671738 358.757385
57330 128.325012 0.300000 217.755798 358.757385
57347 128.323227 0.300000 217.837921 358.757385
57364 128.321411 0.300000 217.921234 358.757385
57380 128.319580 0.300000 218.005035 358.757385
57397 128.317780 0.300000 218.087540 358.757385
57414 128.315964 0.300000 218.170944 358.757385
57430 128.314148 0.300000 218.254166 358.757385
57447 128.312317 0.300000 218.338333 358.757385
57464 128.310516 0.300000 218.420807 358.757385
57480 128.308685 0.300000 218.504440 358.757385
57497 128.306870 0.300000 218.587784 358.757385
57514 128.305038 0.300000 218.671600 358.757385
57530 128.303238 0.300000 218.754089 358.757385
57547 128.301422 0.300000 218.837433 358.757385
57564 128.299561 0.300000 218.922760 358.757385
57580 128.297760 0.300000 219.004990 358.757385
57597 128.295959 0.300000 219.087372 358.757385
57614 128.294128 0.300000 219.171036 358.757385
57630 128.292313 0.300000 219.254364 358.757385
57647 128.290482 0.300000 219.338181 358.757385
57664 128.288651 0.300000 219.422195 358.757385
57680 128.286865 0.300000 219.504013 358.757385
57697 128.285049 0.300000 219.587296 358.757385
57714 128.283218 0.300000 219.671417 358.757385
57730 128.281418 0.300000 219.754028 358.757385
57747 128.279587 0.300000 219.837601 358.757385
57764 128.277771 0.300000 219.920883 358.757385
57780 128.275940 0.300000 220.004974 358.757385
57797 128.274139 0.300000 220.087265 358.757385
57814 128.272324 0.300000 220.170532 358.757385
57830 128.270508 0.300000 220.253922 358.757385
57847 128.268677 0.300000 220.338043 358.757385
57864 128.266876 0.300000 220.420502 358.757385
57880 128.265045 0.300000 220.504196 358.757385
57897 128.263229 0.300000 220.587540 358.757385
57914 128.261398 0.300000 220.671280 358.757385
57930 128.259598 0.300000 220.753769 358.757385
57947 128.257721 0.300000 220.840012 358.757385
57964 128.255966 0.300000 220.920410 358.757385
57980 128.254135 0.300000 221.004593 358.757385
57997 128.252304 0.300000 221.088562 358.757385
58014 128.250519 0.300000 221.170700 358.757385
58030 128.248703 0.300000 221.253983 358.757385
58047 128.246872 0.300000 221.337936 358.757385
58064 128.245071 0.300000 221.420288 358.757385
58080 128.243256 0.300000 221.503601 358.757385
58097 128.241440 0.300000 221.586975 358.757385
58114 128.239609 0.300000 221.671082 358.757385
58130 128.237808 0.300000 221.753555 358.757385
58147 128.235977 0.300000 221.837234 358.757385
58164 128.234161 0.300000 221.920547 358.757385
58180 128.232330 0.300000 222.004318 358.757385
58197 128.230530 0.300000 222.086853 358.757385
58214 128.228714 0.300000 222.170151 358.757385
58230 128.226898 0.300000 222.253479 358.757385
58247 128.225067 0.300000 222.337616 358.757385
58264 128.223267 0.300000 222.420120 358.757385
58280 128.221436 0.300000 222.503784 358.757385
58297 128.219620 0.300000 222.587204 358.757385
58314 128.217789 0.300000 222.670929 358.757385
58330 128.215988 0.300000 222.753418 358.757385
58347 128.214142 0.300000 222.838226 358.757385
58364 128.212357 0.300000 222.920044 358.757385
58380 128.210526 0.300000 223.004181 358.757385
58397 128.208725 0.300000 223.086700 358.757385
58414 128.206894 0.300000 223.170334 358.757385
58430 128.205078 0.300000 223.253815 358.757385
58447 128.203247 0.300000 223.337540 358.757385
58464 128.201447 0.300000 223.419968 358.757385
58480 128.199631 0.300000 223.503265 358.757385
58497 128.197815 0.300000 223.586594 358.757385
58514 128.195984 0.300000 223.670715 358.757385
58530 128.194183 0.300000 223.753220 358.757385
58547 128.192352 0.300000 223.836990 358.757385
58564 128.190536 0.300000 223.920410 358.757385
58580 128.188705 0.300000 224.004074 358.757385
58597 128.186905 0.300000 224.086517 358.757385
58614 128.185089 0.300000 224.169922 358.757385
58630 128.183273 0.300000 224.253220 358.757385
58647 128.181442 0.300000 224.337372 358.757385
58664 128.179642 0.300000 224.419815 358.757385
58681 128.177780 0.300000 224.505051 358.757385
58697 128.175995 0.300000 224.586792 358.757385
58714 128.174164 0.300000 224.670593 358.757385
58730 128.172607 0.300000 224.753113 358.922455
58747 128.171524 0.300000 224.836426 359.254150
58764 128.171158 0.300000 224.919800 359.752625
58780 128.171768 0.300000 225.004074 0.419647
58797 128.173553 0.300000 225.086426 1.243293
58814 128.176590 0.300000 225.170044 2.080073
58830 128.180832 0.300000 225.253464 2.915303
58847 128.186295 0.300000 225.336914 3.751624
58864 128.192871 0.300000 225.419159 4.576717
58880 128.200729 0.300000 225.502151 5.410312
58897 128.209793 0.300000 225.585022 6.243889
58914 128.220581 0.300000 225.671570 7.116053
58931 128.231873 0.300000 225.752579 7.934026
58949 128.245941 0.300000 225.843079 8.849937
58965 128.258850 0.300000 225.919281 9.622800
58980 128.273209 0.300000 225.997467 10.417809
58997 128.289551 0.300000 226.079666 11.255866
59014 128.306747 0.300000 226.160065 12.077978
59031 128.326035 0.300000 226.244064 12.939886
59048 128.346146 0.300000 226.326035 13.783907
59064 128.366150 0.300000 226.403015 14.579222
59081 128.388840 0.300000 226.485245 15.432288
59097 128.411682 0.300000 226.563660 16.249001
59114 128.437225 0.300000 226.646652 17.117313
59131 128.462021 0.300000 226.723328 17.923243
59147 128.489090 0.300000 226.803009 18.764811
59164 128.516373 0.300000 226.879776 19.579546
59181 128.546799 0.300000 226.961380 20.450518
59197 128.575592 0.300000 227.035477 21.245407
59214 128.607040 0.300000 227.113007 22.082102
59231 128.640289 0.300000 227.191605 22.935474
59247 128.673309 0.300000 227.266647 23.755270
59264 128.707520 0.300000 227.341461 24.577860
59281 128.744171 0.300000 227.418549 25.431387
59297 128.781235 0.300000 227.493668 26.268969
59314 128.819626 0.300000 227.568665 27.111456
59330 128.857162 0.300000 227.639542 27.913465
59347 128.897263 0.300000 227.712662 28.747417
59364 128.939499 0.300000 227.787018 29.602562
59381 128.982117 0.300000 227.859543 30.443703
59398 129.025146 0.300000 227.930405 31.272818
59414 129.067978 0.300000 227.998764 32.079514
59430 129.113220 0.300000 228.068665 32.912224
59447 129.160080 0.300000 228.138794 33.755630
59464 129.208160 0.300000 228.208496 34.602409
59481 129.256256 0.300000 228.276093 35.432034
59497 129.305847 0.300000 228.343674 36.270176
59514 129.355179 0.300000 228.408951 37.088421
59532 129.409775 0.300000 228.478897 37.975780
59548 129.459656 0.300000 228.541000 38.772324
59564 129.511139 0.300000 228.603287 39.580414
59581 129.566681 0.300000 228.668472 40.436802
59597 129.620178 0.300000 228.729507 41.248402
59614 129.676422 0.300000 228.791794 42.087585
59630 129.732880 0.300000 228.852524 42.916752
59647 129.791382 0.300000 228.913605 43.762527
59664 129.848785 0.300000 228.971848 44.580246
59680 129.908051 0.300000 229.030273 45.412544
59697 129.968292 0.300000 229.087967 46.246719
59714 130.029861 0.300000 229.145218 47.087383
59730 130.091095 0.300000 229.200531 47.912632
59747 130.154526 0.300000 229.256149 48.756279
59764 130.219101 0.300000 229.311111 49.604286
59781 130.282242 0.300000 229.363312 50.423553
59797 130.346466 0.300000 229.414871 51.247131
59814 130.412125 0.300000 229.466034 52.079517
59830 130.478653 0.300000 229.516327 52.913452
59847 130.547714 0.300000 229.566940 53.769669
59864 130.613708 0.300000 229.613892 54.579498
59881 130.683090 0.300000 229.661713 55.422123
59897 130.751999 0.300000 229.707764 56.250912
59914 130.822952 0.300000 229.753677 57.096004
59930 130.892181 0.300000 229.797089 57.913158
59948 130.966110 0.300000 229.841919 58.777672
59964 131.037521 0.300000 229.883820 59.605560
59981 131.109680 0.300000 229.924759 60.435184
59997 131.182449 0.300000 229.964661 61.265186
60014 131.254959 0.300000 230.003082 62.085766
60030 131.328903 0.300000 230.040909 62.916344
60047 131.404190 0.300000 230.078033 63.755749
60064 131.478668 0.300000 230.113434 64.580299
60081 131.555389 0.300000 230.148529 65.423965
60097 131.631348 0.300000 230.181946 66.253777
60114 131.708389 0.300000 230.214508 67.090179
60130 131.784698 0.300000 230.245483 67.913689
60147 131.862717 0.300000 230.275818 68.750740
60164 131.940765 0.300000 230.304871 69.583618
60181 132.021484 0.300000 230.333557 70.440247
60197 132.098038 0.300000 230.359558 71.248680
60214 132.178101 0.300000 230.385437 72.090126
60230 132.256989 0.300000 230.409790 72.849014
60247 132.337646 0.300000 230.433655 73.523788
60264 132.416855 0.300000 230.456207 74.116203
60280 132.497650 0.300000 230.478439 74.624825
60297 132.578491 0.300000 230.500046 75.049767
60314 132.659210 0.300000 230.521088 75.391296
60331 132.740906 0.300000 230.542007 75.648506
60347 132.820953 0.300000 230.562225 75.823158
60364 132.900772 0.300000 230.582260 75.915504
60381 132.982376 0.300000 230.602722 75.923721
60397 133.062393 0.300000 230.622787 75.923721
60414 133.143600 0.300000 230.643158 75.923721
60430 133.224365 0.300000 230.663422 75.923721
60447 133.305756 0.300000 230.683838 75.923721
60464 133.386017 0.300000 230.703964 75.923721
60480 133.466583 0.300000 230.724167 75.923721
60497 133.547424 0.300000 230.744446 75.923721
60514 133.629074 0.300000 230.764923 75.923721
60530 133.709290 0.300000 230.785034 75.923721
60547 133.790314 0.300000 230.805359 75.923721
60564 133.871124 0.300000 230.825623 75.923721
60581 133.952423 0.300000 230.846008 75.923721
60597 134.032608 0.300000 230.866119 75.923721
60614 134.113266 0.300000 230.886353 75.923721
60630 134.194153 0.300000 230.906647 75.923721
60647 134.275742 0.300000 230.927109 75.923721
60664 134.355759 0.300000 230.947174 75.923721
60681 134.438583 0.300000 230.967941 75.923721
60697 134.517776 0.300000 230.987808 75.923721
60714 134.599060 0.300000 231.008194 75.923721
60730 134.679596 0.300000 231.028397 75.923721
60747 134.759964 0.300000 231.048553 75.923721
60764 134.842743 0.300000 231.069321 75.923721
60781 134.922455 0.300000 231.089310 75.923721
60797 135.002472 0.300000 231.109375 75.923721
60814 135.083633 0.300000 231.129730 75.923721
60830 135.164429 0.300000 231.149994 75.923721
60847 135.245743 0.300000 231.170395 75.923721
60864 135.325943 0.300000 231.190506 75.923721
60880 135.406586 0.300000 231.210739 75.923721
60897 135.488861 0.300000 231.231369 75.923721
60914 135.569031 0.300000 231.251480 75.923721
60930 135.649078 0.300000 231.271561 75.923721
60947 135.730545 0.300000 231.291992 75.923721
60964 135.811127 0.300000 231.312210 75.923721
60981 135.892548 0.300000 231.332626 75.923721
60997 135.972626 0.300000 231.352707 75.923721
61014 136.053284 0.300000 231.372940 75.923721
61031 136.135544 0.300000 231.393570 75.923721
61047 136.215775 0.300000 231.413696 75.923721
61064 136.295792 0.300000 231.433762 75.923721
61080 136.376938 0.300000 231.454117 75.923721
61097 136.457764 0.300000 231.474396 75.923721
61114 136.539047 0.300000 231.494781 75.923721
61130 136.619247 0.300000 231.514893 75.923721
61147 136.700043 0.300000 231.534897 76.090195
61164 136.780991 0.300000 231.554443 76.423225
61181 136.862961 0.300000 231.573486 76.924568
61197 136.943573 0.300000 231.591217 77.590981
61214 137.025558 0.300000 231.608017 78.424789
61230 137.107452 0.300000 231.623566 79.258347
61248 137.193146 0.300000 231.638489 80.128128
61264 137.271606 0.300000 231.651031 80.922623
61281 137.356201 0.300000 231.663269 81.777321
61297 137.436874 0.300000 231.673767 82.590851
61314 137.520279 0.300000 231.683380 83.430473
61331 137.604599 0.300000 231.691971 84.185349
61347 137.685852 0.300000 231.699295 84.858643
61364 137.768753 0.300000 231.705902 85.448769
61381 137.853836 0.300000 231.711929 85.953606
61398 137.937012 0.300000 231.717209 86.375107
61414 138.018066 0.300000 231.721863 86.715424
61430 138.101181 0.300000 231.726257 86.972504
61447 138.185196 0.300000 231.730453 87.145470
61464 138.269852 0.300000 231.734543 87.233673
61481 138.351364 0.300000 231.738480 87.240273
61497 138.434433 0.300000 231.742477 87.240273
61514 138.518463 0.300000 231.746521 87.240273
61530 138.600571 0.300000 231.750473 87.240273
61547 138.683868 0.300000 231.754486 87.240273
61564 138.767029 0.300000 231.758499 87.240273
61581 138.851120 0.300000 231.762558 87.240273
61597 138.933563 0.300000 231.766525 87.240273
61614 139.017105 0.300000 231.770554 87.240273
61630 139.100311 0.300000 231.774567 87.240273
61647 139.184219 0.300000 231.778610 87.240273
61664 139.266479 0.300000 231.782578 87.240273
61680 139.349701 0.300000 231.786591 87.240273
61697 139.432968 0.300000 231.790604 87.240273
61714 139.518539 0.300000 231.794724 87.240273
61730 139.599457 0.300000 231.798630 87.240273
61747 139.682999 0.300000 231.802658 87.240273
61764 139.766235 0.300000 231.806671 87.240273
61781 139.850113 0.300000 231.810715 87.240273
61797 139.932480 0.300000 231.814682 87.240273
61814 140.015656 0.300000 231.818695 87.240273
61830 140.098953 0.300000 231.822708 87.240273
61847 140.182983 0.300000 231.826767 87.240273
61864 140.265366 0.300000 231.830734 87.240273
61881 140.348969 0.300000 231.834763 87.240273
61897 140.432175 0.300000 231.838776 87.240273
61914 140.516052 0.300000 231.842819 87.240273
61930 140.598312 0.300000 231.846786 87.240273
61947 140.681931 0.300000 231.850815 87.240273
61964 140.764862 0.300000 231.854813 87.240273
61981 140.848999 0.300000 231.858871 87.240273
61997 140.931305 0.300000 231.862839 87.240273
62014 141.014923 0.300000 231.866867 87.240273
62031 141.098129 0.300000 231.870880 87.240273
62047 141.182098 0.300000 231.874924 87.240273
62064 141.265762 0.300000 231.878952 87.240273
62080 141.347519 0.300000 231.882889 87.240273
62097 141.430756 0.300000 231.886902 87.240273
62114 141.514786 0.300000 231.890945 87.240273
62130 141.597229 0.300000 231.894913 87.240273
62147 141.680801 0.300000 231.898941 87.240273
62164 141.764053 0.300000 231.902954 87.240273
62181 141.847916 0.300000 231.906998 87.240273
62197 141.930222 0.300000 231.910965 87.240273
62214 142.013428 0.300000 231.914978 87.240273
62230 142.096695 0.300000 231.918991 87.240273
62247 142.180740 0.300000 231.923050 87.240273
62264 142.263184 0.300000 231.927017 87.240273
62281 142.346741 0.300000 231.931046 87.240273
62297 142.430008 0.300000 231.935059 87.240273
62314 142.513870 0.300000 231.939102 87.240273
62330 142.596130 0.300000 231.943069 87.240273
62347 142.679367 0.300000 231.947083 87.240273
62364 142.762680 0.300000 231.951096 87.240273
62381 142.846695 0.300000 231.955139 87.240273
62397 142.930573 0.300000 231.959183 87.240273
62414 143.012680 0.300000 231.963135 87.240273
62431 143.095901 0.300000 231.967148 87.240273
62447 143.179855 0.300000 231.971191 87.240273
62464 143.262115 0.300000 231.975159 87.240273
62480 143.345444 0.300000 231.979172 87.240273
62497 143.428558 0.300000 231.983185 87.240273
62514 143.512741 0.300000 231.987244 87.240273
62530 143.595108 0.300000 231.991211 87.240273
62547 143.678772 0.300000 231.995239 87.240273
62564 143.761856 0.300000 231.999252 87.240273
62581 143.845795 0.300000 232.003296 87.240273
62597 143.928024 0.300000 232.007263 87.240273
62614 144.011230 0.300000 232.011276 87.240273
62630 144.094467 0.300000 232.015289 87.240273
62647 144.178558 0.300000 232.019348 87.240273
62664 144.260941 0.300000 232.023315 87.240273
62681 144.345520 0.300000 232.027390 87.240273
62697 144.427780 0.300000 232.031357 87.240273
62714 144.511749 0.300000 232.035400 87.240273
62731 144.595459 0.300000 232.039429 87.240273
62747 144.677216 0.300000 232.043365 87.240273
62764 144.760391 0.300000 232.047379 87.240273
62781 144.844711 0.300000 232.051437 87.240273
62797 144.926941 0.300000 232.055405 87.240273
62814 145.010513 0.300000 232.059433 87.240273
62831 145.093750 0.300000 232.063446 87.240273
62847 145.177628 0.300000 232.067490 87.240273
62864 145.259857 0.300000 232.071457 87.240273
62880 145.343094 0.300000 232.075470 87.240273
62897 145.426392 0.300000 232.079483 87.240273
62914 145.510406 0.300000 232.083527 87.240273
62931 145.595367 0.300000 232.087616 87.240273
62947 145.676544 0.300000 232.091522 87.240273
62964 145.759689 0.300000 232.095535 87.240273
62981 145.843628 0.300000 232.099579 87.240273
62997 145.925827 0.300000 232.103546 87.240273
63014 146.009033 0.300000 232.107559 87.240273
63030 146.092285 0.300000 232.111572 87.240273
63047 146.176514 0.300000 232.115631 87.240273
63064 146.258804 0.300000 232.119598 87.240273
63081 146.343765 0.300000 232.123688 87.240273
63097 146.425598 0.300000 232.127640 87.240273
63114 146.509537 0.300000 232.131454 87.408325
63131 146.591766 0.300000 232.134705 87.740959
63147 146.675095 0.300000 232.137634 87.990211
63164 146.758377 0.300000 232.140320 88.156143
63181 146.842545 0.300000 232.142914 88.237869
63197 146.924973 0.300000 232.145462 88.237869
63214 147.008591 0.300000 232.148041 88.237869
63231 147.091888 0.300000 232.150620 88.237869
63247 147.175842 0.300000 232.153214 88.237869
63264 147.258148 0.300000 232.155762 88.237869
63281 147.341461 0.300000 232.158340 88.237869
63297 147.424759 0.300000 232.160919 88.237869
63314 147.508850 0.300000 232.163513 88.237869
63331 147.591309 0.300000 232.166061 88.237869
63347 147.674957 0.300000 232.168640 88.237869
63364 147.758255 0.300000 232.171219 88.237869
63381 147.842178 0.300000 232.173813 88.237869
63397 147.924515 0.300000 232.176361 88.237869
63414 148.009506 0.300000 232.178986 88.237869
63431 148.091248 0.300000 232.181519 88.237869
63447 148.175278 0.300000 232.184113 88.237869
63464 148.257813 0.300000 232.186661 88.237869
63481 148.341354 0.300000 232.189240 88.237869
63497 148.424774 0.300000 232.191818 88.237869
63514 148.508636 0.300000 232.194412 88.237869
63531 148.590927 0.300000 232.196960 88.237869
63547 148.674271 0.300000 232.199539 88.237869
63564 148.757523 0.300000 232.202118 88.237869
63581 148.841644 0.300000 232.204712 88.237869
63597 148.924149 0.300000 232.207260 88.237869
63614 149.007858 0.300000 232.209854 88.237869
63631 149.091064 0.300000 232.212433 88.237869
63648 149.177185 0.300000 232.215088 88.237869
63664 149.257477 0.300000 232.217575 88.237869
63681 149.340652 0.300000 232.220139 88.237869
63697 149.423874 0.300000 232.222717 88.237869
63714 149.508041 0.300000 232.225311 88.237869
63731 149.590469 0.300000 232.227859 88.237869
63747 149.674149 0.300000 232.230438 88.237869
63764 149.759109 0.300000 232.233063 88.237869
63781 149.841187 0.300000 232.235596 88.237869
63797 149.923691 0.300000 232.238144 88.237869
63814 150.006989 0.300000 232.240723 88.237869
63831 150.090240 0.300000 232.243301 88.237869
63847 150.174362 0.300000 232.245895 88.237869
63864 150.256851 0.300000 232.248444 88.237869
63881 150.340317 0.300000 232.251022 88.237869
63897 150.423752 0.300000 232.253601 88.237869
63914 150.507568 0.300000 232.256195 88.237869
63931 150.590317 0.300000 232.258759 88.237869
63947 150.673355 0.300000 232.261322 88.237869
63964 150.756714 0.300000 232.263901 88.237869
63981 150.840851 0.300000 232.266251 88.406219
63997 150.923264 0.300000 232.268082 88.739418
64014 151.007034 0.300000 232.269577 88.988838
64031 151.090302 0.300000 232.270813 89.154991
64047 151.174149 0.300000 232.271942 89.237282
64064 151.256561 0.300000 232.273056 89.237282
64081 151.339890 0.300000 232.274170 89.237282
64098 151.424683 0.300000 232.275314 89.237282
64114 151.507370 0.300000 232.276428 89.237282
64131 151.589874 0.300000 232.277542 89.237282
64147 151.673615 0.300000 232.278671 89.237282
64164 151.757080 0.300000 232.279800 89.237282
64181 151.840729 0.300000 232.280930 89.237282
64197 151.923203 0.300000 232.282043 89.237282
64214 152.006531 0.300000 232.283157 89.237282
64231 152.089874 0.300000 232.284271 89.237282
64247 152.173996 0.300000 232.285400 89.237282
64264 152.256531 0.300000 232.286514 89.237282
64281 152.340027 0.300000 232.287643 89.237282
64297 152.423569 0.300000 232.288773 89.237282
64314 152.507339 0.300000 232.289902 89.237282
64331 152.589828 0.300000 232.291016 89.237282
64347 152.673157 0.300000 232.292130 89.237282
64364 152.756485 0.300000 232.293243 89.237282
64381 152.840637 0.300000 232.294373 89.237282
64397 152.923218 0.300000 232.295486 89.237282
64414 153.006683 0.300000 232.296616 89.237282
64431 153.091919 0.300000 232.297760 89.237282
64447 153.173996 0.300000 232.298859 89.237282
64464 153.256516 0.300000 232.299973 89.237282
64481 153.339844 0.300000 232.300842 89.403946
64497 153.423599 0.300000 232.301239 89.738129
64514 153.507629 0.300000 232.300888 90.240364
64531 153.589890 0.300000 232.299591 90.907135
64547 153.673767 0.300000 232.297409 91.490005
64564 153.757950 0.300000 232.294495 91.988647
64581 153.841934 0.300000 232.290970 92.403229
64597 153.923080 0.300000 232.287094 92.736572
64614 154.006210 0.300000 232.282761 92.986679
64631 154.089508 0.300000 232.278183 93.153351
64647 154.173431 0.300000 232.273453 93.235962
64664 154.255798 0.300000 232.268799 93.236069
64681 154.339401 0.300000 232.264084 93.236069
64697 154.422607 0.300000 232.259384 93.236069
64714 154.506210 0.300000 232.254669 93.236069
64731 154.588608 0.300000 232.250015 93.236069
64747 154.671814 0.300000 232.245316 93.236069
64764 154.755020 0.300000 232.240616 93.236069
64781 154.840500 0.300000 232.235794 93.236069
64797 154.921417 0.300000 232.231232 93.236069
64814 155.005127 0.300000 232.226501 93.236069
64831 155.088135 0.300000 232.221817 93.236069
64847 155.171875 0.300000 232.217087 93.236069
64864 155.254227 0.300000 232.212433 93.236069
64881 155.339386 0.300000 232.207626 93.236069
64897 155.420670 0.300000 232.203033 93.236069
64914 155.504669 0.300000 232.198288 93.236069
64931 155.587067 0.300000 232.193634 93.236069
64948 155.672272 0.300000 232.188828 93.236069
64964 155.753876 0.300000 232.184219 93.236069
64981 155.837570 0.300000 232.179489 93.236069
64997 155.919907 0.300000 232.174835 93.236069
65014 156.003082 0.300000 232.170135 93.236069
65031 156.086349 0.300000 232.165436 93.236069
65047 156.170349 0.300000 232.160690 93.236069
65064 156.252701 0.300000 232.156036 93.236069
65081 156.336411 0.300000 232.151306 93.236069
65097 156.419464 0.300000 232.146622 93.236069
65114 156.504684 0.300000 232.141815 93.236069
65131 156.585541 0.300000 232.137253 93.236069
65147 156.668732 0.300000 232.132553 93.236069
65164 156.751938 0.300000 232.127853 93.236069
65181 156.835953 0.300000 232.123108 93.236069
65197 156.918427 0.300000 232.118454 93.236069
65214 157.002045 0.300000 232.113739 93.236069
65231 157.085098 0.300000 232.109055 93.236069
65247 157.168793 0.300000 232.104324 93.236069
65264 157.251221 0.300000 232.099670 93.236069
65281 157.334366 0.300000 232.094971 93.236069
65297 157.417587 0.300000 232.090271 93.236069
65314 157.501617 0.300000 232.085526 93.236069
65331 157.584000 0.300000 232.080872 93.236069
65347 157.667572 0.300000 232.076157 93.236069
65364 157.750977 0.300000 232.071457 93.236069
65381 157.834457 0.300000 232.066742 93.236069
65397 157.916840 0.300000 232.062088 93.236069
65414 158.000031 0.300000 232.057388 93.236069
65431 158.083237 0.300000 232.052689 93.236069
65447 158.167297 0.300000 232.047943 93.236069
65464 158.251129 0.300000 232.043213 93.236069
65481 158.333344 0.300000 232.038574 93.236069
65497 158.416382 0.300000 232.033890 93.236069
65514 158.500153 0.300000 232.029160 93.236069
65531 158.582581 0.300000 232.024506 93.236069
65547 158.665726 0.300000 232.019806 93.236069
65564 158.748932 0.300000 232.015106 93.236069
65591 158.859253 0.300000 232.008881 93.236069
65597 158.890396 0.300000 232.007126 93.236069
65614 158.938217 0.300000 232.004425 93.236069
65631 159.002655 0.300000 232.000793 93.236069
65647 159.083817 0.300000 231.996216 93.236069
65664 159.166214 0.300000 231.991562 93.236069
65681 159.249390 0.300000 231.986862 93.236069
65697 159.332626 0.300000 231.982162 93.236069
65714 159.416641 0.300000 231.977676 93.067795
65731 159.499115 0.300000 231.973740 92.734398
65747 159.582733 0.300000 231.970490 92.233658
65764 159.666031 0.300000 231.967850 91.816254
65781 159.749756 0.300000 231.965683 91.482605
65797 159.832275 0.300000 231.963913 91.231499
65814 159.917068 0.300000 231.962341 91.065201
65831 159.998917 0.300000 231.960938 90.980759
65848 160.083328 0.300000 231.959488 90.980743
65864 160.165604 0.300000 231.958084 90.980743
65881 160.249268 0.300000 231.956650 90.980743
65897 160.332565 0.300000 231.955231 90.980743
65914 160.416351 0.300000 231.953796 90.980743
65931 160.498856 0.300000 231.952393 90.980743
65948 160.584763 0.300000 231.950928 90.980743
65964 160.666443 0.300000 231.949524 90.980743
65981 160.749832 0.300000 231.948105 90.980743
65997 160.832184 0.300000 231.946701 90.980743
66014 160.915909 0.300000 231.945267 90.980743
66031 160.999146 0.300000 231.943848 90.980743
66047 161.082932 0.300000 231.942413 90.980743
66064 161.165451 0.300000 231.940994 90.980743
66081 161.248764 0.300000 231.939575 90.980743
66097 161.332275 0.300000 231.938141 90.980743
66114 161.416260 0.300000 231.936707 90.980743
66131 161.498779 0.300000 231.935287 90.980743
66147 161.582443 0.300000 231.933853 90.980743
66164 161.667480 0.300000 231.932404 90.980743
66181 161.749527 0.300000 231.931000 90.980743
66197 161.832108 0.300000 231.929581 90.980743
66214 161.915390 0.300000 231.928162 90.980743
66231 161.998749 0.300000 231.926743 90.980743
66247 162.082825 0.300000 231.925308 90.980743
66264 162.165359 0.300000 231.923889 90.980743
66281 162.249023 0.300000 231.922455 90.980743
66297 162.332336 0.300000 231.921036 90.980743
66314 162.416107 0.300000 231.919601 90.980743
66331 162.498718 0.300000 231.918182 90.980743
66347 162.582016 0.300000 231.916763 90.980743
66364 162.665314 0.300000 231.915344 90.980743
66381 162.749481 0.300000 231.913910 90.980743
66397 162.831970 0.300000 231.912506 90.980743
66414 162.915680 0.300000 231.911072 90.980743
66431 162.998993 0.300000 231.909653 90.980743
66448 163.082794 0.300000 231.908218 90.980743
66464 163.165283 0.300000 231.906815 90.980743
66481 163.248596 0.300000 231.905396 90.980743
66498 163.333389 0.300000 231.903946 90.980743
66514 163.416016 0.300000 231.902527 90.980743
66531 163.498566 0.300000 231.901108 90.980743
66547 163.582520 0.300000 231.899673 90.980743
66564 163.665573 0.300000 231.898254 90.980743
66581 163.750427 0.300000 231.896805 90.980743
66597 163.831909 0.300000 231.895416 90.980743
66614 163.915207 0.300000 231.893997 90.980743
66631 163.998596 0.300000 231.892578 90.980743
66648 164.082733 0.300000 231.891144 90.980743
66664 164.165176 0.300000 231.889740 90.980743
66681 164.248856 0.300000 231.888306 90.980743
66697 164.332184 0.300000 231.886887 90.980743
66714 164.415924 0.300000 231.885452 90.980743
66731 164.498474 0.300000 231.884033 90.980743
66747 164.581802 0.300000 231.882614 90.980743
66764 164.665115 0.300000 231.881195 90.980743
66781 164.749207 0.300000 231.879761 90.980743
66797 164.831787 0.300000 231.878342 90.980743
66814 164.915436 0.300000 231.876907 90.980743
66831 165.000519 0.300000 231.875458 90.980743
66848 165.082565 0.300000 231.874054 90.980743
66864 165.165100 0.300000 231.872635 90.980743
66881 165.248428 0.300000 231.871216 90.980743
66897 165.331741 0.300000 231.869797 90.980743
66914 165.415833 0.300000 231.868362 90.980743
66931 165.498413 0.300000 231.866714 91.145943
66948 165.584579 0.300000 231.864487 91.483551
66964 165.665344 0.300000 231.861694 91.982773
66981 165.749146 0.300000 231.858200 92.398109
66997 165.831528 0.300000 231.854279 92.730980
67014 165.914764 0.300000 231.849945 92.980507
67031 165.997940 0.300000 231.845383 93.146729
67048 166.083084 0.300000 231.840591 93.227676
67064 166.164474 0.300000 231.836014 93.227676
67081 166.247986 0.300000 231.831314 93.227676
67097 166.331085 0.300000 231.826645 93.227676
67114 166.414749 0.300000 231.821945 93.227676
67131 166.497192 0.300000 231.817307 93.227676
67147 166.580399 0.300000 231.812622 93.227676
67164 166.663864 0.300000 231.807922 93.227676
67181 166.749146 0.300000 231.803131 93.227676
67197 166.830048 0.300000 231.798584 93.227676
67214 166.913605 0.300000 231.793884 93.227676
67231 166.996780 0.300000 231.789200 93.227676
67248 167.080414 0.300000 231.784500 93.227676
67264 167.162842 0.300000 231.779861 93.227676
67281 167.246048 0.300000 231.775177 93.227676
67297 167.329483 0.300000 231.770477 93.227676
67314 167.413361 0.300000 231.765762 93.227676
67331 167.495743 0.300000 231.761124 93.227676
67347 167.579254 0.300000 231.756424 93.227676
67364 167.662430 0.300000 231.751740 93.227676
67381 167.746063 0.300000 231.747040 93.227676
67397 167.828613 0.300000 231.742401 93.227676
67414 167.911697 0.300000 231.737732 93.227676
67431 167.995102 0.300000 231.733047 93.227676
67448 168.078934 0.300000 231.728333 93.227676
67464 168.161331 0.300000 231.723694 93.227676
67481 168.244858 0.300000 231.718994 93.227676
67497 168.328049 0.300000 231.714310 93.227676
67515 168.413208 0.300000 231.709518 93.227676
67531 168.494125 0.300000 231.704971 93.227676
67547 168.577362 0.300000 231.700287 93.227676
67564 168.660858 0.300000 231.695587 93.227676
67581 168.744614 0.310750 231.690872 93.227676
67597 168.826965 0.328146 231.686234 93.227676
67614 168.910522 0.345800 231.681534 93.227676
67631 168.993729 0.363376 231.676849 93.227676
67648 169.077408 0.381050 231.672134 93.227676
67664 169.159821 0.398458 231.667496 93.227676
67681 169.242981 0.416029 231.662811 93.227676
67697 169.326447 0.433660 231.658112 93.227676
67714 169.410233 0.451362 231.653397 93.227676
67731 169.492615 0.468766 231.648758 93.227676
67747 169.576157 0.486417 231.644058 93.227676
67764 169.659348 0.500000 231.639374 93.227676
67781 169.742996 0.500000 231.634674 93.227676
67798 169.825851 0.500000 231.630020 93.227676
67814 169.908707 0.500000 231.625366 93.227676
67831 169.992188 0.500000 231.620667 93.227676
67848 170.075928 0.500000 231.615952 93.227676
67864 170.159775 0.500000 231.611237 93.227676
67881 170.241867 0.500000 231.606613 93.227676
67898 170.325043 0.500000 231.601929 93.227676
67914 170.408676 0.500000 231.597229 93.227676
67931 170.491104 0.500000 231.592590 93.227676
67948 170.576370 0.500000 231.587799 93.227676
67964 170.657761 0.500000 231.583221 93.227676
67981 170.741577 0.500000 231.578506 93.227676
67997 170.823959 0.500000 231.573868 93.227676
68014 170.907501 0.500000 231.569168 93.227676
68031 170.991180 0.500000 231.564453 93.227676
68048 171.074554 0.500000 231.559769 93.227676
68064 171.156799 0.500000 231.555145 93.227676
68081 171.240005 0.500000 231.550461 93.227676
68097 171.323380 0.500000 231.545776 93.227676
68114 171.407166 0.500000 231.541061 93.227676
68131 171.490829 0.500000 231.536362 93.227676
68148 171.573257 0.500000 231.531723 93.227676
68164 171.656387 0.500000 231.527054 93.227676
68181 171.740128 0.500000 231.522339 93.227676
68198 171.824097 0.500000 231.517868 93.059502
68214 171.905685 0.500000 231.513992 92.727974
68231 171.989243 0.500000 231.510757 92.229187
68248 172.073135 0.500000 231.508469 91.562561
68264 172.155609 0.500000 231.507416 90.737808
68281 172.239288 0.500000 231.507568 89.900963
68298 172.322647 0.500000 231.508942 89.067337
68314 172.406403 0.500000 231.511551 88.229347
68331 172.488861 0.500000 231.515289 87.403915
68348 172.574341 0.500000 231.520462 86.547592
68364 172.655273 0.500000 231.526505 85.736023
68381 172.738998 0.500000 231.533997 84.895493
68397 172.821121 0.500000 231.542542 84.069885
68414 172.903976 0.500000 231.552383 83.235527
68431 172.988785 0.500000 231.563751 82.379822
68448 173.070847 0.500000 231.575943 81.550125
68464 173.151184 0.500000 231.589050 80.736069
68481 173.233139 0.500000 231.603653 79.903687
68497 173.314987 0.500000 231.619461 79.070091
68514 173.397308 0.500000 231.636627 78.229156
68532 173.481415 0.500000 231.655487 77.367126
68548 173.561951 0.500000 231.674774 76.538933
68564 173.640396 0.500000 231.694733 75.729530
68581 173.721024 0.500000 231.716507 74.894402
68597 173.800369 0.500000 231.739166 74.069237
68614 173.880081 0.500000 231.763184 73.236786
68631 173.959549 0.500000 231.788391 72.403053
68648 174.039352 0.500000 231.815002 71.561897
68664 174.117493 0.500000 231.842316 70.734177
68681 174.195862 0.500000 231.871017 69.899544
68698 174.273651 0.500000 231.900787 69.066681
68714 174.351486 0.500000 231.931885 68.228523
68731 174.427689 0.500000 231.963608 67.403175
68747 174.504150 0.500000 231.996765 66.569717
68764 174.580139 0.500000 232.031021 65.736191
68781 174.656326 0.500000 232.066727 64.894745
68798 174.730698 0.500000 232.102905 64.067711
68814 174.805252 0.500000 232.140518 63.232670
68831 174.879074 0.500000 232.179123 62.399536
68848 174.952774 0.500000 232.219040 61.561462
68864 175.024780 0.500000 232.259399 60.736027
68881 175.096863 0.500000 232.301178 59.902893
68897 175.168350 0.500000 232.344025 59.069485
68915 175.241043 0.500000 232.389084 58.214291
68931 175.309616 0.500000 232.432938 57.400238
68948 175.381683 0.500000 232.480576 56.536335
68964 175.448135 0.500000 232.525848 55.732246
68981 175.516693 0.500000 232.574051 54.894104
68998 175.583511 0.500000 232.622482 54.068890
69014 175.650269 0.500000 232.672379 53.235466
69031 175.716309 0.500000 232.723236 52.401958
69048 175.782196 0.500000 232.775528 51.560833
69064 175.846268 0.500000 232.827911 50.733234
69081 175.910110 0.500000 232.881683 49.898499
69098 175.973099 0.500000 232.936325 49.064579
69115 176.036545 0.500000 232.993027 48.213627
69131 176.096283 0.500000 233.047958 47.401993
69148 176.156799 0.500000 233.105270 46.568584
69164 176.216461 0.500000 233.163437 45.735279
69181 176.275818 0.500000 233.223022 44.894207
69198 176.333344 0.500000 233.282471 44.066948
69214 176.390533 0.500000 233.343323 43.231873
69231 176.446732 0.500000 233.404892 42.398228
69248 176.502335 0.500000 233.467636 41.559898
69264 176.556244 0.500000 233.530243 40.733627
69281 176.609680 0.500000 233.594147 39.900681
69298 176.662140 0.500000 233.658783 39.068226
69314 176.714188 0.500000 233.724869 38.226982
69331 176.764420 0.500000 233.790604 37.399673
69348 176.814178 0.500000 233.857712 36.564274
69365 176.863861 0.500000 233.926834 35.713081
69381 176.910767 0.500000 233.994095 34.893082
69398 176.956985 0.500000 234.062469 34.067802
69414 177.002625 0.500525 234.132141 33.234959
69431 177.047501 0.509502 234.202866 32.397343
69448 177.091385 0.518276 234.274353 31.558535
69464 177.133743 0.526751 234.345627 30.729437
69481 177.175247 0.535050 234.417831 29.896694
69498 177.215714 0.543143 234.490646 29.063593
69514 177.255325 0.551066 234.564468 28.225842
69531 177.294418 0.558883 234.639969 27.375654
69548 177.331284 0.566256 234.713745 26.550919
69564 177.366760 0.573353 234.787354 25.733763
69581 177.402344 0.580470 234.864075 24.888107
69598 177.435867 0.587174 234.939148 24.065893
69615 177.469681 0.593936 235.018051 23.207460
69631 177.500580 0.600115 235.093063 22.396149
69648 177.531342 0.606267 235.170944 21.558773
69664 177.560547 0.612111 235.248108 20.733730
69681 177.588898 0.617780 235.326447 19.900646
69698 177.616119 0.623224 235.405258 19.066847
69714 177.642410 0.628481 235.485138 18.225876
69731 177.667145 0.633430 235.564117 17.398260
69748 177.691010 0.638200 235.644363 16.561140
69765 177.714066 0.642815 235.726410 15.708925
69781 177.735077 0.647017 235.805450 14.891088
69798 177.755112 0.651021 235.885437 14.066540
69814 177.774200 0.654842 235.966629 13.232536
69831 177.792068 0.658414 236.047958 12.399896
69848 177.808914 0.661784 236.130386 11.558516
69864 177.824371 0.664873 236.211456 10.799672
69881 177.836823 0.667363 236.281174 10.124527
69898 177.846619 0.669324 236.339508 9.532724
69915 177.854019 0.670803 236.386139 9.026179
69931 177.859329 0.671865 236.421295 8.602927
69948 177.862747 0.672550 236.444839 8.263713
69964 177.864471 0.672896 236.457077 8.006139
69981 177.864578 0.672916 236.457809 7.831602
69998 177.864578 0.672916 236.457809 7.739728
70015 177.864578 0.672916 236.457809 7.733571
70031 177.864578 0.672916 236.457809 7.733571
70048 177.864578 0.672916 236.457809 7.733571
70064 177.864578 0.672916 236.457809 7.733571
70081 177.864578 0.672916 236.457809 7.733571
70098 177.864578 0.672916 236.457809 7.733571
70114 177.864578 0.672916 236.457809 7.733571
70131 177.864578 0.672916 236.457809 7.733571
70148 177.864578 0.672916 236.457809 7.733571
70164 177.864578 0.672916 236.457809 7.733571
70181 177.864578 0.672916 236.457809 7.733571
70198 177.864578 0.672916 236.457809 7.733571
70214 177.864578 0.672916 236.457809 7.733571
70231 177.864578 0.672916 236.457809 7.733571
70248 177.864578 0.672916 236.457809 7.733571
70264 177.864578 0.672916 236.457809 7.733571
70281 177.864578 0.672916 236.457809 7.733571
70298 177.864578 0.672916 236.457809 7.733571
70314 177.864578 0.672916 236.457809 7.733571
70331 177.864578 0.672916 236.457809 7.733571
70348 177.864578 0.672916 236.457809 7.733571
70364 177.864578 0.672916 236.457809 7.733571
70381 177.864578 0.672916 236.457809 7.733571
70398 177.864578 0.672916 236.457809 7.733571
70414 177.864578 0.672916 236.457809 7.733571
70431 177.864578 0.672916 236.457809 7.733571
70448 177.864578 0.672916 236.457809 7.733571
70464 177.864578 0.672916 236.457809 7.733571
70481 177.864578 0.672916 236.457809 7.733571
70498 177.864578 0.672916 236.457809 7.733571
70514 177.864578 0.672916 236.457809 7.733571
70531 177.864578 0.672916 236.457809 7.733571
70548 177.864578 0.672916 236.457809 7.733571
70564 177.864578 0.672916 236.457809 7.733571
70581 177.864578 0.672916 236.457809 7.733571
70598 177.864578 0.672916 236.457809 7.733571
70614 177.864578 0.672916 236.457809 7.733571
70631 177.864578 0.672916 236.457809 7.733571
70648 177.864578 0.672916 236.457809 7.733571
70664 177.864578 0.672916 236.457809 7.733571
70681 177.864578 0.672916 236.457809 7.733571
70698 177.864578 0.672916 236.457809 7.733571
70714 177.864578 0.672916 236.457809 7.733571
70731 177.864578 0.672916 236.457809 7.733571
70748 177.864578 0.672916 236.457809 7.733571
70764 177.864578 0.672916 236.457809 7.733571
70781 177.864578 0.672916 236.457809 7.733571
70798 177.864578 0.672916 236.457809 7.733571
70814 177.864578 0.672916 236.457809 7.733571
70831 177.864578 0.672916 236.457809 7.733571
70848 177.864578 0.672916 236.457809 7.733571
70864 177.864578 0.672916 236.457809 7.733571
70881 177.864578 0.672916 236.457809 7.733571
70898 177.864578 0.672916 236.457809 7.733571
70914 177.864578 0.672916 236.457809 7.733571
70931 177.864578 0.672916 236.457809 7.733571
70948 177.864578 0.672916 236.457809 7.733571
70964 177.864578 0.672916 236.457809 7.733571
70981 177.864578 0.672916 236.457809 7.733571
70998 177.864578 0.672916 236.457809 7.733571
71014 177.864578 0.672916 236.457809 7.733571
71032 177.864578 0.672916 236.457809 7.733571
71048 177.864578 0.672916 236.457809 7.733571
71064 177.864578 0.672916 236.457809 7.733571
